,unique_id,treatment
0,0,emotion
1,1,no_treatment
2,2,reason
3,3,emotion
4,4,emotion
5,5,no_treatment
6,6,emotion
7,7,reason
8,8,no_treatment
9,9,emotion
10,10,reason
11,11,emotion
12,12,emotion
13,13,reason
14,14,emotion
15,15,reason
16,16,emotion
17,17,no_treatment
18,18,emotion
19,19,emotion
20,20,reason
21,21,reason
22,22,reason
23,23,emotion
24,24,emotion
25,25,no_treatment
26,26,reason
27,27,emotion
28,28,emotion
29,29,emotion
30,30,no_treatment
31,31,reason
32,32,reason
33,33,no_treatment
34,34,emotion
35,35,reason
36,36,reason
37,37,reason
38,38,emotion
39,39,reason
40,40,emotion
41,41,emotion
42,42,emotion
43,43,no_treatment
44,44,reason
45,45,no_treatment
46,46,emotion
47,47,no_treatment
48,48,emotion
49,49,emotion
50,50,no_treatment
51,51,no_treatment
52,52,reason
53,53,reason
54,54,emotion
55,55,no_treatment
56,56,reason
57,57,emotion
58,58,no_treatment
59,59,no_treatment
60,60,emotion
61,61,emotion
62,62,no_treatment
63,63,emotion
64,64,no_treatment
65,65,emotion
66,66,no_treatment
67,67,reason
68,68,reason
69,69,no_treatment
70,70,emotion
71,71,no_treatment
72,72,reason
73,73,emotion
74,74,emotion
75,75,emotion
76,76,reason
77,77,no_treatment
78,78,no_treatment
79,79,reason
80,80,reason
81,81,emotion
82,82,no_treatment
83,83,no_treatment
84,84,no_treatment
85,85,emotion
86,86,emotion
87,87,reason
88,88,reason
89,89,no_treatment
90,90,reason
91,91,no_treatment
92,92,no_treatment
93,93,no_treatment
94,94,no_treatment
95,95,emotion
96,96,no_treatment
97,97,reason
98,98,reason
99,99,no_treatment
100,100,reason
101,101,no_treatment
102,102,no_treatment
103,103,no_treatment
104,104,reason
105,105,no_treatment
106,106,reason
107,107,no_treatment
108,108,reason
109,109,no_treatment
110,110,reason
111,111,reason
112,112,emotion
113,113,reason
114,114,no_treatment
115,115,reason
116,116,emotion
117,117,emotion
118,118,reason
119,119,emotion
120,120,no_treatment
121,121,reason
122,122,reason
123,123,reason
124,124,emotion
125,125,emotion
126,126,emotion
127,127,no_treatment
128,128,reason
129,129,emotion
130,130,emotion
131,131,emotion
132,132,no_treatment
133,133,emotion
134,134,no_treatment
135,135,reason
136,136,reason
137,137,reason
138,138,emotion
139,139,reason
140,140,reason
141,141,emotion
142,142,emotion
143,143,reason
144,144,reason
145,145,no_treatment
146,146,reason
147,147,no_treatment
148,148,emotion
149,149,emotion
150,150,reason
151,151,emotion
152,152,emotion
153,153,emotion
154,154,reason
155,155,reason
156,156,no_treatment
157,157,emotion
158,158,emotion
159,159,emotion
160,160,no_treatment
161,161,emotion
162,162,emotion
163,163,no_treatment
164,164,no_treatment
165,165,reason
166,166,reason
167,167,no_treatment
168,168,no_treatment
169,169,emotion
170,170,emotion
171,171,emotion
172,172,emotion
173,173,no_treatment
174,174,reason
175,175,no_treatment
176,176,no_treatment
177,177,emotion
178,178,reason
179,179,reason
180,180,emotion
181,181,emotion
182,182,emotion
183,183,emotion
184,184,emotion
185,185,no_treatment
186,186,reason
187,187,emotion
188,188,no_treatment
189,189,emotion
190,190,emotion
191,191,emotion
192,192,no_treatment
193,193,reason
194,194,emotion
195,195,reason
196,196,reason
197,197,emotion
198,198,reason
199,199,no_treatment
200,200,no_treatment
201,201,emotion
202,202,emotion
203,203,emotion
204,204,no_treatment
205,205,emotion
206,206,reason
207,207,no_treatment
208,208,no_treatment
209,209,emotion
210,210,no_treatment
211,211,no_treatment
212,212,emotion
213,213,emotion
214,214,no_treatment
215,215,reason
216,216,reason
217,217,reason
218,218,no_treatment
219,219,no_treatment
220,220,reason
221,221,no_treatment
222,222,no_treatment
223,223,no_treatment
224,224,reason
225,225,emotion
226,226,no_treatment
227,227,emotion
228,228,emotion
229,229,no_treatment
230,230,emotion
231,231,no_treatment
232,232,reason
233,233,reason
234,234,reason
235,235,emotion
236,236,emotion
237,237,no_treatment
238,238,emotion
239,239,emotion
240,240,emotion
241,241,reason
242,242,reason
243,243,emotion
244,244,emotion
245,245,no_treatment
246,246,emotion
247,247,no_treatment
248,248,no_treatment
249,249,no_treatment
250,250,reason
251,251,emotion
252,252,emotion
253,253,no_treatment
254,254,reason
255,255,emotion
256,256,emotion
257,257,emotion
258,258,reason
259,259,reason
260,260,emotion
261,261,emotion
262,262,reason
263,263,reason
264,264,reason
265,265,no_treatment
266,266,emotion
267,267,no_treatment
268,268,emotion
269,269,no_treatment
270,270,emotion
271,271,emotion
272,272,emotion
273,273,no_treatment
274,274,emotion
275,275,reason
276,276,reason
277,277,emotion
278,278,emotion
279,279,reason
280,280,emotion
281,281,emotion
282,282,no_treatment
283,283,reason
284,284,emotion
285,285,no_treatment
286,286,emotion
287,287,reason
288,288,no_treatment
289,289,emotion
290,290,emotion
291,291,no_treatment
292,292,no_treatment
293,293,emotion
294,294,reason
295,295,reason
296,296,reason
297,297,reason
298,298,emotion
299,299,no_treatment
300,300,no_treatment
301,301,emotion
302,302,emotion
303,303,reason
304,304,reason
305,305,reason
306,306,no_treatment
307,307,reason
308,308,no_treatment
309,309,emotion
310,310,reason
311,311,reason
312,312,emotion
313,313,no_treatment
314,314,no_treatment
315,315,emotion
316,316,emotion
317,317,reason
318,318,no_treatment
319,319,no_treatment
320,320,emotion
321,321,emotion
322,322,emotion
323,323,emotion
324,324,reason
325,325,emotion
326,326,no_treatment
327,327,emotion
328,328,reason
329,329,no_treatment
330,330,reason
331,331,reason
332,332,reason
333,333,emotion
334,334,emotion
335,335,emotion
336,336,no_treatment
337,337,reason
338,338,no_treatment
339,339,reason
340,340,no_treatment
341,341,emotion
342,342,no_treatment
343,343,emotion
344,344,no_treatment
345,345,reason
346,346,no_treatment
347,347,reason
348,348,reason
349,349,emotion
350,350,no_treatment
351,351,reason
352,352,no_treatment
353,353,no_treatment
354,354,emotion
355,355,emotion
356,356,no_treatment
357,357,reason
358,358,emotion
359,359,no_treatment
360,360,no_treatment
361,361,no_treatment
362,362,reason
363,363,reason
364,364,reason
365,365,emotion
366,366,reason
367,367,emotion
368,368,emotion
369,369,no_treatment
370,370,no_treatment
371,371,no_treatment
372,372,reason
373,373,reason
374,374,no_treatment
375,375,emotion
376,376,emotion
377,377,reason
378,378,reason
379,379,emotion
380,380,no_treatment
381,381,no_treatment
382,382,emotion
383,383,emotion
384,384,no_treatment
385,385,emotion
386,386,emotion
387,387,no_treatment
388,388,no_treatment
389,389,no_treatment
390,390,reason
391,391,emotion
392,392,no_treatment
393,393,reason
394,394,no_treatment
395,395,reason
396,396,no_treatment
397,397,emotion
398,398,reason
399,399,emotion
400,400,no_treatment
401,401,emotion
402,402,emotion
403,403,no_treatment
404,404,emotion
405,405,emotion
406,406,reason
407,407,no_treatment
408,408,reason
409,409,emotion
410,410,no_treatment
411,411,reason
412,412,emotion
413,413,reason
414,414,no_treatment
415,415,emotion
416,416,no_treatment
417,417,no_treatment
418,418,emotion
419,419,no_treatment
420,420,emotion
421,421,emotion
422,422,emotion
423,423,no_treatment
424,424,emotion
425,425,reason
426,426,emotion
427,427,emotion
428,428,reason
429,429,emotion
430,430,emotion
431,431,emotion
432,432,emotion
433,433,emotion
434,434,no_treatment
435,435,no_treatment
436,436,emotion
437,437,reason
438,438,no_treatment
439,439,no_treatment
440,440,emotion
441,441,reason
442,442,reason
443,443,reason
444,444,reason
445,445,no_treatment
446,446,emotion
447,447,no_treatment
448,448,no_treatment
449,449,no_treatment
450,450,no_treatment
451,451,no_treatment
452,452,emotion
453,453,no_treatment
454,454,no_treatment
455,455,reason
456,456,no_treatment
457,457,no_treatment
458,458,no_treatment
459,459,emotion
460,460,emotion
461,461,reason
462,462,reason
463,463,reason
464,464,emotion
465,465,no_treatment
466,466,reason
467,467,emotion
468,468,reason
469,469,reason
470,470,emotion
471,471,reason
472,472,emotion
473,473,reason
474,474,reason
475,475,emotion
476,476,emotion
477,477,reason
478,478,emotion
479,479,no_treatment
480,480,no_treatment
481,481,reason
482,482,emotion
483,483,no_treatment
484,484,reason
485,485,no_treatment
486,486,no_treatment
487,487,no_treatment
488,488,no_treatment
489,489,no_treatment
490,490,emotion
491,491,no_treatment
492,492,no_treatment
493,493,emotion
494,494,reason
495,495,emotion
496,496,no_treatment
497,497,reason
498,498,no_treatment
499,499,no_treatment
500,500,no_treatment
501,501,no_treatment
502,502,no_treatment
503,503,reason
504,504,no_treatment
505,505,reason
506,506,emotion
507,507,reason
508,508,reason
509,509,emotion
510,510,emotion
511,511,emotion
512,512,no_treatment
513,513,reason
514,514,reason
515,515,no_treatment
516,516,no_treatment
517,517,no_treatment
518,518,reason
519,519,no_treatment
520,520,emotion
521,521,emotion
522,522,reason
523,523,emotion
524,524,reason
525,525,reason
526,526,emotion
527,527,no_treatment
528,528,no_treatment
529,529,emotion
530,530,emotion
531,531,emotion
532,532,no_treatment
533,533,emotion
534,534,reason
535,535,reason
536,536,emotion
537,537,emotion
538,538,reason
539,539,no_treatment
540,540,no_treatment
541,541,emotion
542,542,reason
543,543,emotion
544,544,no_treatment
545,545,no_treatment
546,546,reason
547,547,reason
548,548,emotion
549,549,emotion
550,550,no_treatment
551,551,no_treatment
552,552,emotion
553,553,reason
554,554,no_treatment
555,555,reason
556,556,no_treatment
557,557,emotion
558,558,no_treatment
559,559,reason
560,560,reason
561,561,emotion
562,562,emotion
563,563,reason
564,564,no_treatment
565,565,no_treatment
566,566,emotion
567,567,reason
568,568,no_treatment
569,569,no_treatment
570,570,emotion
571,571,no_treatment
572,572,reason
573,573,reason
574,574,reason
575,575,no_treatment
576,576,emotion
577,577,reason
578,578,reason
579,579,reason
580,580,reason
581,581,emotion
582,582,reason
583,583,reason
584,584,no_treatment
585,585,emotion
586,586,no_treatment
587,587,reason
588,588,emotion
589,589,emotion
590,590,reason
591,591,reason
592,592,no_treatment
593,593,no_treatment
594,594,reason
595,595,emotion
596,596,no_treatment
597,597,reason
598,598,emotion
599,599,no_treatment
600,600,no_treatment
601,601,emotion
602,602,reason
603,603,reason
604,604,no_treatment
605,605,no_treatment
606,606,emotion
607,607,no_treatment
608,608,no_treatment
609,609,emotion
610,610,no_treatment
611,611,no_treatment
612,612,emotion
613,613,reason
614,614,no_treatment
615,615,emotion
616,616,reason
617,617,no_treatment
618,618,no_treatment
619,619,no_treatment
620,620,reason
621,621,emotion
622,622,reason
623,623,no_treatment
624,624,reason
625,625,emotion
626,626,no_treatment
627,627,emotion
628,628,no_treatment
629,629,no_treatment
630,630,reason
631,631,reason
632,632,reason
633,633,reason
634,634,no_treatment
635,635,no_treatment
636,636,reason
637,637,emotion
638,638,emotion
639,639,reason
640,640,emotion
641,641,reason
642,642,emotion
643,643,emotion
644,644,no_treatment
645,645,reason
646,646,no_treatment
647,647,no_treatment
648,648,no_treatment
649,649,emotion
650,650,no_treatment
651,651,no_treatment
652,652,emotion
653,653,emotion
654,654,no_treatment
655,655,no_treatment
656,656,no_treatment
657,657,no_treatment
658,658,emotion
659,659,reason
660,660,reason
661,661,no_treatment
662,662,reason
663,663,reason
664,664,no_treatment
665,665,no_treatment
666,666,reason
667,667,reason
668,668,emotion
669,669,reason
670,670,no_treatment
671,671,reason
672,672,no_treatment
673,673,no_treatment
674,674,emotion
675,675,reason
676,676,emotion
677,677,emotion
678,678,emotion
679,679,no_treatment
680,680,emotion
681,681,no_treatment
682,682,reason
683,683,reason
684,684,no_treatment
685,685,emotion
686,686,emotion
687,687,emotion
688,688,reason
689,689,no_treatment
690,690,reason
691,691,emotion
692,692,emotion
693,693,no_treatment
694,694,emotion
695,695,reason
696,696,emotion
697,697,reason
698,698,reason
699,699,reason
700,700,emotion
701,701,reason
702,702,emotion
703,703,no_treatment
704,704,no_treatment
705,705,reason
706,706,reason
707,707,no_treatment
708,708,no_treatment
709,709,reason
710,710,no_treatment
711,711,emotion
712,712,emotion
713,713,no_treatment
714,714,no_treatment
715,715,no_treatment
716,716,emotion
717,717,emotion
718,718,emotion
719,719,reason
720,720,emotion
721,721,reason
722,722,reason
723,723,emotion
724,724,no_treatment
725,725,no_treatment
726,726,emotion
727,727,emotion
728,728,reason
729,729,no_treatment
730,730,emotion
731,731,no_treatment
732,732,no_treatment
733,733,reason
734,734,emotion
735,735,no_treatment
736,736,reason
737,737,no_treatment
738,738,no_treatment
739,739,reason
740,740,no_treatment
741,741,no_treatment
742,742,no_treatment
743,743,reason
744,744,emotion
745,745,reason
746,746,no_treatment
747,747,no_treatment
748,748,emotion
749,749,emotion
750,750,reason
751,751,no_treatment
752,752,no_treatment
753,753,no_treatment
754,754,no_treatment
755,755,no_treatment
756,756,no_treatment
757,757,emotion
758,758,emotion
759,759,no_treatment
760,760,emotion
761,761,emotion
762,762,reason
763,763,reason
764,764,emotion
765,765,reason
766,766,reason
767,767,emotion
768,768,reason
769,769,no_treatment
770,770,emotion
771,771,emotion
772,772,reason
773,773,reason
774,774,emotion
775,775,no_treatment
776,776,no_treatment
777,777,reason
778,778,emotion
779,779,reason
780,780,no_treatment
781,781,no_treatment
782,782,emotion
783,783,no_treatment
784,784,no_treatment
785,785,no_treatment
786,786,no_treatment
787,787,no_treatment
788,788,emotion
789,789,emotion
790,790,no_treatment
791,791,no_treatment
792,792,no_treatment
793,793,reason
794,794,emotion
795,795,reason
796,796,emotion
797,797,emotion
798,798,no_treatment
799,799,emotion
800,800,no_treatment
801,801,emotion
802,802,no_treatment
803,803,emotion
804,804,no_treatment
805,805,reason
806,806,emotion
807,807,emotion
808,808,emotion
809,809,no_treatment
810,810,no_treatment
811,811,no_treatment
812,812,no_treatment
813,813,no_treatment
814,814,no_treatment
815,815,reason
816,816,emotion
817,817,reason
818,818,reason
819,819,reason
820,820,reason
821,821,no_treatment
822,822,emotion
823,823,reason
824,824,no_treatment
825,825,no_treatment
826,826,no_treatment
827,827,emotion
828,828,emotion
829,829,reason
830,830,reason
831,831,reason
832,832,emotion
833,833,no_treatment
834,834,reason
835,835,reason
836,836,reason
837,837,no_treatment
838,838,emotion
839,839,emotion
840,840,reason
841,841,emotion
842,842,reason
843,843,emotion
844,844,reason
845,845,no_treatment
846,846,emotion
847,847,no_treatment
848,848,emotion
849,849,emotion
850,850,reason
851,851,emotion
852,852,emotion
853,853,emotion
854,854,no_treatment
855,855,no_treatment
856,856,no_treatment
857,857,reason
858,858,emotion
859,859,reason
860,860,no_treatment
861,861,emotion
862,862,reason
863,863,no_treatment
864,864,emotion
865,865,emotion
866,866,reason
867,867,emotion
868,868,no_treatment
869,869,emotion
870,870,no_treatment
871,871,reason
872,872,emotion
873,873,no_treatment
874,874,emotion
875,875,reason
876,876,emotion
877,877,emotion
878,878,no_treatment
879,879,no_treatment
880,880,no_treatment
881,881,emotion
882,882,reason
883,883,emotion
884,884,no_treatment
885,885,no_treatment
886,886,reason
887,887,emotion
888,888,reason
889,889,reason
890,890,emotion
891,891,emotion
892,892,reason
893,893,no_treatment
894,894,no_treatment
895,895,no_treatment
896,896,reason
897,897,emotion
898,898,emotion
899,899,emotion
900,900,emotion
901,901,no_treatment
902,902,reason
903,903,no_treatment
904,904,no_treatment
905,905,no_treatment
906,906,no_treatment
907,907,emotion
908,908,no_treatment
909,909,emotion
910,910,no_treatment
911,911,reason
912,912,reason
913,913,emotion
914,914,reason
915,915,emotion
916,916,emotion
917,917,no_treatment
918,918,emotion
919,919,emotion
920,920,reason
921,921,emotion
922,922,emotion
923,923,no_treatment
924,924,reason
925,925,reason
926,926,emotion
927,927,emotion
928,928,emotion
929,929,no_treatment
930,930,reason
931,931,emotion
932,932,emotion
933,933,reason
934,934,no_treatment
935,935,emotion
936,936,emotion
937,937,no_treatment
938,938,reason
939,939,no_treatment
940,940,emotion
941,941,emotion
942,942,no_treatment
943,943,no_treatment
944,944,emotion
945,945,no_treatment
946,946,emotion
947,947,emotion
948,948,reason
949,949,reason
950,950,no_treatment
951,951,reason
952,952,reason
953,953,no_treatment
954,954,reason
955,955,reason
956,956,emotion
957,957,emotion
958,958,no_treatment
959,959,emotion
960,960,emotion
961,961,no_treatment
962,962,emotion
963,963,emotion
964,964,no_treatment
965,965,emotion
966,966,emotion
967,967,reason
968,968,emotion
969,969,reason
970,970,emotion
971,971,no_treatment
972,972,emotion
973,973,reason
974,974,no_treatment
975,975,reason
976,976,no_treatment
977,977,emotion
978,978,reason
979,979,no_treatment
980,980,reason
981,981,no_treatment
982,982,reason
983,983,reason
984,984,reason
985,985,reason
986,986,no_treatment
987,987,no_treatment
988,988,no_treatment
989,989,reason
990,990,emotion
991,991,emotion
992,992,emotion
993,993,no_treatment
994,994,emotion
995,995,reason
996,996,no_treatment
997,997,no_treatment
998,998,emotion
999,999,reason
1000,1000,reason
1001,1001,emotion
1002,1002,reason
1003,1003,reason
1004,1004,no_treatment
1005,1005,emotion
1006,1006,emotion
1007,1007,reason
1008,1008,no_treatment
1009,1009,reason
1010,1010,no_treatment
1011,1011,no_treatment
1012,1012,no_treatment
1013,1013,no_treatment
1014,1014,emotion
1015,1015,reason
1016,1016,reason
1017,1017,reason
1018,1018,reason
1019,1019,no_treatment
1020,1020,reason
1021,1021,no_treatment
1022,1022,emotion
1023,1023,emotion
1024,1024,no_treatment
1025,1025,reason
1026,1026,no_treatment
1027,1027,no_treatment
1028,1028,reason
1029,1029,emotion
1030,1030,emotion
1031,1031,no_treatment
1032,1032,emotion
1033,1033,emotion
1034,1034,no_treatment
1035,1035,reason
1036,1036,no_treatment
1037,1037,no_treatment
1038,1038,no_treatment
1039,1039,no_treatment
1040,1040,emotion
1041,1041,no_treatment
1042,1042,emotion
1043,1043,emotion
1044,1044,reason
1045,1045,no_treatment
1046,1046,no_treatment
1047,1047,no_treatment
1048,1048,reason
1049,1049,no_treatment
1050,1050,no_treatment
1051,1051,no_treatment
1052,1052,reason
1053,1053,emotion
1054,1054,reason
1055,1055,emotion
1056,1056,reason
1057,1057,emotion
1058,1058,reason
1059,1059,reason
1060,1060,reason
1061,1061,no_treatment
1062,1062,emotion
1063,1063,emotion
1064,1064,emotion
1065,1065,emotion
1066,1066,no_treatment
1067,1067,reason
1068,1068,reason
1069,1069,no_treatment
1070,1070,emotion
1071,1071,reason
1072,1072,reason
1073,1073,reason
1074,1074,no_treatment
1075,1075,reason
1076,1076,no_treatment
1077,1077,no_treatment
1078,1078,emotion
1079,1079,reason
1080,1080,reason
1081,1081,emotion
1082,1082,emotion
1083,1083,emotion
1084,1084,emotion
1085,1085,no_treatment
1086,1086,emotion
1087,1087,no_treatment
1088,1088,no_treatment
1089,1089,reason
1090,1090,reason
1091,1091,reason
1092,1092,reason
1093,1093,emotion
1094,1094,reason
1095,1095,emotion
1096,1096,no_treatment
1097,1097,reason
1098,1098,emotion
1099,1099,reason
1100,1100,reason
1101,1101,emotion
1102,1102,no_treatment
1103,1103,emotion
1104,1104,reason
1105,1105,emotion
1106,1106,reason
1107,1107,reason
1108,1108,emotion
1109,1109,reason
1110,1110,emotion
1111,1111,emotion
1112,1112,emotion
1113,1113,reason
1114,1114,no_treatment
1115,1115,emotion
1116,1116,no_treatment
1117,1117,reason
1118,1118,emotion
1119,1119,emotion
1120,1120,emotion
1121,1121,reason
1122,1122,emotion
1123,1123,no_treatment
1124,1124,no_treatment
1125,1125,reason
1126,1126,emotion
1127,1127,no_treatment
1128,1128,no_treatment
1129,1129,reason
1130,1130,no_treatment
1131,1131,reason
1132,1132,emotion
1133,1133,emotion
1134,1134,no_treatment
1135,1135,no_treatment
1136,1136,no_treatment
1137,1137,reason
1138,1138,no_treatment
1139,1139,reason
1140,1140,reason
1141,1141,emotion
1142,1142,emotion
1143,1143,emotion
1144,1144,emotion
1145,1145,no_treatment
1146,1146,reason
1147,1147,reason
1148,1148,no_treatment
1149,1149,reason
1150,1150,emotion
1151,1151,no_treatment
1152,1152,emotion
1153,1153,no_treatment
1154,1154,reason
1155,1155,no_treatment
1156,1156,reason
1157,1157,emotion
1158,1158,reason
1159,1159,emotion
1160,1160,no_treatment
1161,1161,no_treatment
1162,1162,no_treatment
1163,1163,emotion
1164,1164,no_treatment
1165,1165,emotion
1166,1166,emotion
1167,1167,emotion
1168,1168,emotion
1169,1169,no_treatment
1170,1170,reason
1171,1171,emotion
1172,1172,no_treatment
1173,1173,no_treatment
1174,1174,no_treatment
1175,1175,emotion
1176,1176,emotion
1177,1177,emotion
1178,1178,emotion
1179,1179,no_treatment
1180,1180,no_treatment
1181,1181,no_treatment
1182,1182,reason
1183,1183,no_treatment
1184,1184,no_treatment
1185,1185,emotion
1186,1186,emotion
1187,1187,no_treatment
1188,1188,emotion
1189,1189,no_treatment
1190,1190,emotion
1191,1191,no_treatment
1192,1192,no_treatment
1193,1193,emotion
1194,1194,no_treatment
1195,1195,emotion
1196,1196,emotion
1197,1197,reason
1198,1198,emotion
1199,1199,no_treatment
1200,1200,no_treatment
1201,1201,reason
1202,1202,emotion
1203,1203,reason
1204,1204,no_treatment
1205,1205,no_treatment
1206,1206,emotion
1207,1207,emotion
1208,1208,emotion
1209,1209,reason
1210,1210,no_treatment
1211,1211,emotion
1212,1212,emotion
1213,1213,no_treatment
1214,1214,no_treatment
1215,1215,no_treatment
1216,1216,no_treatment
1217,1217,no_treatment
1218,1218,emotion
1219,1219,reason
1220,1220,emotion
1221,1221,no_treatment
1222,1222,reason
1223,1223,reason
1224,1224,reason
1225,1225,no_treatment
1226,1226,emotion
1227,1227,emotion
1228,1228,reason
1229,1229,no_treatment
1230,1230,reason
1231,1231,reason
1232,1232,emotion
1233,1233,emotion
1234,1234,emotion
1235,1235,emotion
1236,1236,reason
1237,1237,no_treatment
1238,1238,reason
1239,1239,reason
1240,1240,no_treatment
1241,1241,no_treatment
1242,1242,reason
1243,1243,reason
1244,1244,no_treatment
1245,1245,no_treatment
1246,1246,reason
1247,1247,emotion
1248,1248,reason
1249,1249,emotion
1250,1250,reason
1251,1251,emotion
1252,1252,reason
1253,1253,emotion
1254,1254,emotion
1255,1255,emotion
1256,1256,reason
1257,1257,emotion
1258,1258,no_treatment
1259,1259,emotion
1260,1260,no_treatment
1261,1261,emotion
1262,1262,emotion
1263,1263,emotion
1264,1264,no_treatment
1265,1265,reason
1266,1266,reason
1267,1267,emotion
1268,1268,no_treatment
1269,1269,no_treatment
1270,1270,emotion
1271,1271,emotion
1272,1272,emotion
1273,1273,emotion
1274,1274,emotion
1275,1275,no_treatment
1276,1276,no_treatment
1277,1277,emotion
1278,1278,emotion
1279,1279,emotion
1280,1280,emotion
1281,1281,emotion
1282,1282,reason
1283,1283,reason
1284,1284,emotion
1285,1285,no_treatment
1286,1286,reason
1287,1287,emotion
1288,1288,emotion
1289,1289,reason
1290,1290,no_treatment
1291,1291,no_treatment
1292,1292,reason
1293,1293,no_treatment
1294,1294,emotion
1295,1295,no_treatment
1296,1296,reason
1297,1297,reason
1298,1298,emotion
1299,1299,no_treatment
1300,1300,reason
1301,1301,no_treatment
1302,1302,reason
1303,1303,no_treatment
1304,1304,reason
1305,1305,no_treatment
1306,1306,emotion
1307,1307,emotion
1308,1308,no_treatment
1309,1309,no_treatment
1310,1310,emotion
1311,1311,reason
1312,1312,emotion
1313,1313,emotion
1314,1314,emotion
1315,1315,emotion
1316,1316,reason
1317,1317,no_treatment
1318,1318,no_treatment
1319,1319,reason
1320,1320,emotion
1321,1321,emotion
1322,1322,no_treatment
1323,1323,reason
1324,1324,emotion
1325,1325,reason
1326,1326,emotion
1327,1327,no_treatment
1328,1328,no_treatment
1329,1329,reason
1330,1330,emotion
1331,1331,no_treatment
1332,1332,reason
1333,1333,no_treatment
1334,1334,no_treatment
1335,1335,no_treatment
1336,1336,reason
1337,1337,reason
1338,1338,no_treatment
1339,1339,emotion
1340,1340,reason
1341,1341,emotion
1342,1342,reason
1343,1343,no_treatment
1344,1344,emotion
1345,1345,no_treatment
1346,1346,no_treatment
1347,1347,reason
1348,1348,emotion
1349,1349,no_treatment
1350,1350,emotion
1351,1351,no_treatment
1352,1352,no_treatment
1353,1353,reason
1354,1354,no_treatment
1355,1355,reason
1356,1356,reason
1357,1357,no_treatment
1358,1358,no_treatment
1359,1359,emotion
1360,1360,reason
1361,1361,emotion
1362,1362,emotion
1363,1363,reason
1364,1364,reason
1365,1365,emotion
1366,1366,no_treatment
1367,1367,reason
1368,1368,reason
1369,1369,no_treatment
1370,1370,no_treatment
1371,1371,no_treatment
1372,1372,reason
1373,1373,reason
1374,1374,emotion
1375,1375,emotion
1376,1376,emotion
1377,1377,emotion
1378,1378,reason
1379,1379,emotion
1380,1380,emotion
1381,1381,emotion
1382,1382,no_treatment
1383,1383,emotion
1384,1384,emotion
1385,1385,reason
1386,1386,emotion
1387,1387,reason
1388,1388,no_treatment
1389,1389,no_treatment
1390,1390,emotion
1391,1391,reason
1392,1392,no_treatment
1393,1393,reason
1394,1394,reason
1395,1395,emotion
1396,1396,no_treatment
1397,1397,reason
1398,1398,emotion
1399,1399,emotion
1400,1400,reason
1401,1401,reason
1402,1402,no_treatment
1403,1403,emotion
1404,1404,reason
1405,1405,reason
1406,1406,emotion
1407,1407,no_treatment
1408,1408,emotion
1409,1409,emotion
1410,1410,reason
1411,1411,reason
1412,1412,reason
1413,1413,no_treatment
1414,1414,emotion
1415,1415,no_treatment
1416,1416,no_treatment
1417,1417,no_treatment
1418,1418,reason
1419,1419,reason
1420,1420,no_treatment
1421,1421,no_treatment
1422,1422,no_treatment
1423,1423,reason
1424,1424,emotion
1425,1425,no_treatment
1426,1426,reason
1427,1427,emotion
1428,1428,emotion
1429,1429,reason
1430,1430,reason
1431,1431,reason
1432,1432,reason
1433,1433,emotion
1434,1434,reason
1435,1435,reason
1436,1436,no_treatment
1437,1437,emotion
1438,1438,emotion
1439,1439,no_treatment
1440,1440,no_treatment
1441,1441,reason
1442,1442,emotion
1443,1443,emotion
1444,1444,reason
1445,1445,no_treatment
1446,1446,no_treatment
1447,1447,no_treatment
1448,1448,reason
1449,1449,reason
1450,1450,no_treatment
1451,1451,emotion
1452,1452,reason
1453,1453,no_treatment
1454,1454,reason
1455,1455,reason
1456,1456,no_treatment
1457,1457,reason
1458,1458,reason
1459,1459,reason
1460,1460,emotion
1461,1461,reason
1462,1462,emotion
1463,1463,emotion
1464,1464,no_treatment
1465,1465,reason
1466,1466,no_treatment
1467,1467,reason
1468,1468,no_treatment
1469,1469,emotion
1470,1470,reason
1471,1471,no_treatment
1472,1472,reason
1473,1473,reason
1474,1474,emotion
1475,1475,emotion
1476,1476,reason
1477,1477,reason
1478,1478,reason
1479,1479,emotion
1480,1480,emotion
1481,1481,reason
1482,1482,reason
1483,1483,emotion
1484,1484,no_treatment
1485,1485,no_treatment
1486,1486,no_treatment
1487,1487,reason
1488,1488,no_treatment
1489,1489,emotion
1490,1490,no_treatment
1491,1491,reason
1492,1492,emotion
1493,1493,emotion
1494,1494,emotion
1495,1495,no_treatment
1496,1496,no_treatment
1497,1497,no_treatment
1498,1498,emotion
1499,1499,emotion
1500,1500,reason
1501,1501,no_treatment
1502,1502,emotion
1503,1503,no_treatment
1504,1504,emotion
1505,1505,emotion
1506,1506,no_treatment
1507,1507,reason
1508,1508,reason
1509,1509,reason
1510,1510,no_treatment
1511,1511,reason
1512,1512,reason
1513,1513,reason
1514,1514,emotion
1515,1515,emotion
1516,1516,reason
1517,1517,no_treatment
1518,1518,no_treatment
1519,1519,reason
1520,1520,no_treatment
1521,1521,emotion
1522,1522,reason
1523,1523,reason
1524,1524,emotion
1525,1525,emotion
1526,1526,reason
1527,1527,no_treatment
1528,1528,emotion
1529,1529,emotion
1530,1530,reason
1531,1531,emotion
1532,1532,reason
1533,1533,emotion
1534,1534,no_treatment
1535,1535,no_treatment
1536,1536,emotion
1537,1537,no_treatment
1538,1538,no_treatment
1539,1539,emotion
1540,1540,reason
1541,1541,no_treatment
1542,1542,reason
1543,1543,no_treatment
1544,1544,emotion
1545,1545,emotion
1546,1546,reason
1547,1547,emotion
1548,1548,no_treatment
1549,1549,reason
1550,1550,emotion
1551,1551,no_treatment
1552,1552,emotion
1553,1553,emotion
1554,1554,emotion
1555,1555,emotion
1556,1556,reason
1557,1557,reason
1558,1558,emotion
1559,1559,no_treatment
1560,1560,reason
1561,1561,reason
1562,1562,emotion
1563,1563,no_treatment
1564,1564,reason
1565,1565,no_treatment
1566,1566,reason
1567,1567,no_treatment
1568,1568,emotion
1569,1569,emotion
1570,1570,emotion
1571,1571,no_treatment
1572,1572,reason
1573,1573,reason
1574,1574,emotion
1575,1575,no_treatment
1576,1576,no_treatment
1577,1577,emotion
1578,1578,emotion
1579,1579,reason
1580,1580,no_treatment
1581,1581,no_treatment
1582,1582,emotion
1583,1583,emotion
1584,1584,no_treatment
1585,1585,no_treatment
1586,1586,emotion
1587,1587,emotion
1588,1588,emotion
1589,1589,emotion
1590,1590,emotion
1591,1591,reason
1592,1592,emotion
1593,1593,emotion
1594,1594,emotion
1595,1595,reason
1596,1596,no_treatment
1597,1597,emotion
1598,1598,reason
1599,1599,emotion
1600,1600,no_treatment
1601,1601,no_treatment
1602,1602,reason
1603,1603,no_treatment
1604,1604,reason
1605,1605,no_treatment
1606,1606,reason
1607,1607,reason
1608,1608,emotion
1609,1609,emotion
1610,1610,emotion
1611,1611,no_treatment
1612,1612,no_treatment
1613,1613,emotion
1614,1614,emotion
1615,1615,reason
1616,1616,reason
1617,1617,emotion
1618,1618,reason
1619,1619,no_treatment
1620,1620,emotion
1621,1621,reason
1622,1622,emotion
1623,1623,reason
1624,1624,emotion
1625,1625,no_treatment
1626,1626,emotion
1627,1627,reason
1628,1628,no_treatment
1629,1629,reason
1630,1630,no_treatment
1631,1631,emotion
1632,1632,emotion
1633,1633,no_treatment
1634,1634,no_treatment
1635,1635,reason
1636,1636,reason
1637,1637,no_treatment
1638,1638,reason
1639,1639,emotion
1640,1640,no_treatment
1641,1641,emotion
1642,1642,no_treatment
1643,1643,no_treatment
1644,1644,no_treatment
1645,1645,no_treatment
1646,1646,emotion
1647,1647,emotion
1648,1648,emotion
1649,1649,no_treatment
1650,1650,no_treatment
1651,1651,reason
1652,1652,emotion
1653,1653,no_treatment
1654,1654,emotion
1655,1655,reason
1656,1656,emotion
1657,1657,no_treatment
1658,1658,no_treatment
1659,1659,no_treatment
1660,1660,reason
1661,1661,no_treatment
1662,1662,emotion
1663,1663,no_treatment
1664,1664,reason
1665,1665,reason
1666,1666,emotion
1667,1667,reason
1668,1668,no_treatment
1669,1669,no_treatment
1670,1670,no_treatment
1671,1671,no_treatment
1672,1672,emotion
1673,1673,no_treatment
1674,1674,no_treatment
1675,1675,no_treatment
1676,1676,emotion
1677,1677,emotion
1678,1678,no_treatment
1679,1679,reason
1680,1680,no_treatment
1681,1681,no_treatment
1682,1682,emotion
1683,1683,no_treatment
1684,1684,no_treatment
1685,1685,emotion
1686,1686,emotion
1687,1687,no_treatment
1688,1688,emotion
1689,1689,reason
1690,1690,no_treatment
1691,1691,no_treatment
1692,1692,no_treatment
1693,1693,reason
1694,1694,reason
1695,1695,no_treatment
1696,1696,reason
1697,1697,no_treatment
1698,1698,no_treatment
1699,1699,no_treatment
1700,1700,reason
1701,1701,no_treatment
1702,1702,no_treatment
1703,1703,emotion
1704,1704,emotion
1705,1705,emotion
1706,1706,reason
1707,1707,no_treatment
1708,1708,no_treatment
1709,1709,no_treatment
1710,1710,emotion
1711,1711,no_treatment
1712,1712,reason
1713,1713,no_treatment
1714,1714,emotion
1715,1715,no_treatment
1716,1716,no_treatment
1717,1717,no_treatment
1718,1718,no_treatment
1719,1719,no_treatment
1720,1720,reason
1721,1721,no_treatment
1722,1722,emotion
1723,1723,emotion
1724,1724,reason
1725,1725,no_treatment
1726,1726,reason
1727,1727,emotion
1728,1728,no_treatment
1729,1729,no_treatment
1730,1730,no_treatment
1731,1731,emotion
1732,1732,emotion
1733,1733,reason
1734,1734,emotion
1735,1735,reason
1736,1736,no_treatment
1737,1737,emotion
1738,1738,reason
1739,1739,emotion
1740,1740,emotion
1741,1741,emotion
1742,1742,reason
1743,1743,no_treatment
1744,1744,reason
1745,1745,reason
1746,1746,reason
1747,1747,emotion
1748,1748,reason
1749,1749,reason
1750,1750,emotion
1751,1751,emotion
1752,1752,reason
1753,1753,reason
1754,1754,emotion
1755,1755,reason
1756,1756,emotion
1757,1757,reason
1758,1758,reason
1759,1759,emotion
1760,1760,reason
1761,1761,reason
1762,1762,emotion
1763,1763,no_treatment
1764,1764,no_treatment
1765,1765,no_treatment
1766,1766,no_treatment
1767,1767,no_treatment
1768,1768,no_treatment
1769,1769,emotion
1770,1770,emotion
1771,1771,reason
1772,1772,no_treatment
1773,1773,no_treatment
1774,1774,emotion
1775,1775,no_treatment
1776,1776,emotion
1777,1777,emotion
1778,1778,emotion
1779,1779,emotion
1780,1780,emotion
1781,1781,no_treatment
1782,1782,no_treatment
1783,1783,no_treatment
1784,1784,reason
1785,1785,no_treatment
1786,1786,emotion
1787,1787,reason
1788,1788,no_treatment
1789,1789,reason
1790,1790,reason
1791,1791,emotion
1792,1792,no_treatment
1793,1793,reason
1794,1794,emotion
1795,1795,emotion
1796,1796,no_treatment
1797,1797,no_treatment
1798,1798,emotion
1799,1799,reason
1800,1800,reason
1801,1801,emotion
1802,1802,no_treatment
1803,1803,reason
1804,1804,reason
1805,1805,no_treatment
1806,1806,no_treatment
1807,1807,no_treatment
1808,1808,no_treatment
1809,1809,no_treatment
1810,1810,no_treatment
1811,1811,emotion
1812,1812,no_treatment
1813,1813,emotion
1814,1814,reason
1815,1815,reason
1816,1816,no_treatment
1817,1817,no_treatment
1818,1818,reason
1819,1819,reason
1820,1820,no_treatment
1821,1821,no_treatment
1822,1822,reason
1823,1823,emotion
1824,1824,emotion
1825,1825,reason
1826,1826,no_treatment
1827,1827,reason
1828,1828,reason
1829,1829,reason
1830,1830,reason
1831,1831,reason
1832,1832,reason
1833,1833,no_treatment
1834,1834,reason
1835,1835,no_treatment
1836,1836,emotion
1837,1837,no_treatment
1838,1838,reason
1839,1839,reason
1840,1840,emotion
1841,1841,emotion
1842,1842,no_treatment
1843,1843,no_treatment
1844,1844,no_treatment
1845,1845,emotion
1846,1846,no_treatment
1847,1847,emotion
1848,1848,no_treatment
1849,1849,no_treatment
1850,1850,reason
1851,1851,reason
1852,1852,emotion
1853,1853,no_treatment
1854,1854,emotion
1855,1855,no_treatment
1856,1856,reason
1857,1857,reason
1858,1858,reason
1859,1859,emotion
1860,1860,no_treatment
1861,1861,reason
1862,1862,emotion
1863,1863,reason
1864,1864,reason
1865,1865,no_treatment
1866,1866,emotion
1867,1867,no_treatment
1868,1868,no_treatment
1869,1869,no_treatment
1870,1870,reason
1871,1871,emotion
1872,1872,no_treatment
1873,1873,no_treatment
1874,1874,no_treatment
1875,1875,reason
1876,1876,reason
1877,1877,emotion
1878,1878,no_treatment
1879,1879,reason
1880,1880,reason
1881,1881,no_treatment
1882,1882,reason
1883,1883,reason
1884,1884,reason
1885,1885,reason
1886,1886,emotion
1887,1887,emotion
1888,1888,reason
1889,1889,reason
1890,1890,reason
1891,1891,emotion
1892,1892,reason
1893,1893,emotion
1894,1894,reason
1895,1895,reason
1896,1896,reason
1897,1897,reason
1898,1898,no_treatment
1899,1899,emotion
1900,1900,no_treatment
1901,1901,reason
1902,1902,reason
1903,1903,reason
1904,1904,no_treatment
1905,1905,reason
1906,1906,emotion
1907,1907,reason
1908,1908,reason
1909,1909,no_treatment
1910,1910,emotion
1911,1911,no_treatment
1912,1912,emotion
1913,1913,emotion
1914,1914,reason
1915,1915,emotion
1916,1916,reason
1917,1917,emotion
1918,1918,emotion
1919,1919,no_treatment
1920,1920,no_treatment
1921,1921,no_treatment
1922,1922,reason
1923,1923,emotion
1924,1924,reason
1925,1925,no_treatment
1926,1926,no_treatment
1927,1927,reason
1928,1928,reason
1929,1929,emotion
1930,1930,no_treatment
1931,1931,emotion
1932,1932,reason
1933,1933,no_treatment
1934,1934,no_treatment
1935,1935,reason
1936,1936,no_treatment
1937,1937,emotion
1938,1938,emotion
1939,1939,emotion
1940,1940,no_treatment
1941,1941,emotion
1942,1942,reason
1943,1943,no_treatment
1944,1944,reason
1945,1945,no_treatment
1946,1946,emotion
1947,1947,reason
1948,1948,reason
1949,1949,no_treatment
1950,1950,emotion
1951,1951,emotion
1952,1952,emotion
1953,1953,no_treatment
1954,1954,emotion
1955,1955,reason
1956,1956,emotion
1957,1957,no_treatment
1958,1958,emotion
1959,1959,reason
1960,1960,no_treatment
1961,1961,no_treatment
1962,1962,reason
1963,1963,no_treatment
1964,1964,no_treatment
1965,1965,reason
1966,1966,reason
1967,1967,no_treatment
1968,1968,no_treatment
1969,1969,reason
1970,1970,reason
1971,1971,reason
1972,1972,emotion
1973,1973,reason
1974,1974,reason
1975,1975,no_treatment
1976,1976,no_treatment
1977,1977,emotion
1978,1978,emotion
1979,1979,emotion
1980,1980,emotion
1981,1981,no_treatment
1982,1982,no_treatment
1983,1983,reason
1984,1984,emotion
1985,1985,emotion
1986,1986,emotion
1987,1987,emotion
1988,1988,no_treatment
1989,1989,no_treatment
1990,1990,emotion
1991,1991,no_treatment
1992,1992,no_treatment
1993,1993,no_treatment
1994,1994,no_treatment
1995,1995,reason
1996,1996,reason
1997,1997,no_treatment
1998,1998,no_treatment
1999,1999,no_treatment
2000,2000,reason
2001,2001,emotion
2002,2002,reason
2003,2003,emotion
2004,2004,reason
2005,2005,reason
2006,2006,reason
2007,2007,emotion
2008,2008,emotion
2009,2009,reason
2010,2010,reason
2011,2011,reason
2012,2012,no_treatment
2013,2013,reason
2014,2014,emotion
2015,2015,no_treatment
2016,2016,emotion
2017,2017,no_treatment
2018,2018,emotion
2019,2019,no_treatment
2020,2020,reason
2021,2021,no_treatment
2022,2022,no_treatment
2023,2023,emotion
2024,2024,emotion
2025,2025,emotion
2026,2026,reason
2027,2027,reason
2028,2028,no_treatment
2029,2029,emotion
2030,2030,emotion
2031,2031,no_treatment
2032,2032,emotion
2033,2033,reason
2034,2034,no_treatment
2035,2035,no_treatment
2036,2036,reason
2037,2037,no_treatment
2038,2038,reason
2039,2039,emotion
2040,2040,reason
2041,2041,emotion
2042,2042,emotion
2043,2043,emotion
2044,2044,no_treatment
2045,2045,reason
2046,2046,no_treatment
2047,2047,emotion
2048,2048,no_treatment
2049,2049,emotion
2050,2050,reason
2051,2051,reason
2052,2052,no_treatment
2053,2053,no_treatment
2054,2054,emotion
2055,2055,emotion
2056,2056,emotion
2057,2057,no_treatment
2058,2058,no_treatment
2059,2059,no_treatment
2060,2060,no_treatment
2061,2061,no_treatment
2062,2062,reason
2063,2063,no_treatment
2064,2064,no_treatment
2065,2065,no_treatment
2066,2066,emotion
2067,2067,reason
2068,2068,emotion
2069,2069,no_treatment
2070,2070,reason
2071,2071,emotion
2072,2072,emotion
2073,2073,emotion
2074,2074,emotion
2075,2075,reason
2076,2076,no_treatment
2077,2077,no_treatment
2078,2078,reason
2079,2079,no_treatment
2080,2080,no_treatment
2081,2081,reason
2082,2082,emotion
2083,2083,emotion
2084,2084,emotion
2085,2085,no_treatment
2086,2086,emotion
2087,2087,reason
2088,2088,no_treatment
2089,2089,reason
2090,2090,no_treatment
2091,2091,reason
2092,2092,reason
2093,2093,emotion
2094,2094,reason
2095,2095,emotion
2096,2096,reason
2097,2097,emotion
2098,2098,emotion
2099,2099,reason
2100,2100,no_treatment
2101,2101,reason
2102,2102,reason
2103,2103,emotion
2104,2104,emotion
2105,2105,emotion
2106,2106,reason
2107,2107,no_treatment
2108,2108,emotion
2109,2109,reason
2110,2110,emotion
2111,2111,no_treatment
2112,2112,emotion
2113,2113,reason
2114,2114,emotion
2115,2115,reason
2116,2116,emotion
2117,2117,no_treatment
2118,2118,emotion
2119,2119,emotion
2120,2120,no_treatment
2121,2121,emotion
2122,2122,emotion
2123,2123,reason
2124,2124,emotion
2125,2125,emotion
2126,2126,emotion
2127,2127,no_treatment
2128,2128,no_treatment
2129,2129,no_treatment
2130,2130,emotion
2131,2131,emotion
2132,2132,reason
2133,2133,reason
2134,2134,no_treatment
2135,2135,emotion
2136,2136,no_treatment
2137,2137,reason
2138,2138,emotion
2139,2139,emotion
2140,2140,emotion
2141,2141,no_treatment
2142,2142,no_treatment
2143,2143,reason
2144,2144,reason
2145,2145,reason
2146,2146,no_treatment
2147,2147,emotion
2148,2148,no_treatment
2149,2149,emotion
2150,2150,emotion
2151,2151,no_treatment
2152,2152,emotion
2153,2153,emotion
2154,2154,reason
2155,2155,emotion
2156,2156,emotion
2157,2157,emotion
2158,2158,no_treatment
2159,2159,no_treatment
2160,2160,no_treatment
2161,2161,emotion
2162,2162,no_treatment
2163,2163,emotion
2164,2164,reason
2165,2165,emotion
2166,2166,reason
2167,2167,reason
2168,2168,emotion
2169,2169,no_treatment
2170,2170,reason
2171,2171,no_treatment
2172,2172,reason
2173,2173,reason
2174,2174,emotion
2175,2175,no_treatment
2176,2176,reason
2177,2177,reason
2178,2178,emotion
2179,2179,reason
2180,2180,no_treatment
2181,2181,emotion
2182,2182,reason
2183,2183,no_treatment
2184,2184,reason
2185,2185,no_treatment
2186,2186,no_treatment
2187,2187,no_treatment
2188,2188,emotion
2189,2189,emotion
2190,2190,emotion
2191,2191,no_treatment
2192,2192,emotion
2193,2193,emotion
2194,2194,no_treatment
2195,2195,reason
2196,2196,no_treatment
2197,2197,no_treatment
2198,2198,emotion
2199,2199,emotion
2200,2200,emotion
2201,2201,no_treatment
2202,2202,reason
2203,2203,emotion
2204,2204,no_treatment
2205,2205,no_treatment
2206,2206,no_treatment
2207,2207,emotion
2208,2208,reason
2209,2209,emotion
2210,2210,reason
2211,2211,no_treatment
2212,2212,no_treatment
2213,2213,no_treatment
2214,2214,emotion
2215,2215,emotion
2216,2216,reason
2217,2217,reason
2218,2218,reason
2219,2219,no_treatment
2220,2220,reason
2221,2221,no_treatment
2222,2222,no_treatment
2223,2223,emotion
2224,2224,reason
2225,2225,reason
2226,2226,reason
2227,2227,no_treatment
2228,2228,reason
2229,2229,no_treatment
2230,2230,no_treatment
2231,2231,reason
2232,2232,no_treatment
2233,2233,no_treatment
2234,2234,no_treatment
2235,2235,reason
2236,2236,reason
2237,2237,reason
2238,2238,emotion
2239,2239,no_treatment
2240,2240,no_treatment
2241,2241,no_treatment
2242,2242,reason
2243,2243,reason
2244,2244,no_treatment
2245,2245,reason
2246,2246,emotion
2247,2247,emotion
2248,2248,reason
2249,2249,emotion
2250,2250,reason
2251,2251,emotion
2252,2252,no_treatment
2253,2253,reason
2254,2254,no_treatment
2255,2255,emotion
2256,2256,no_treatment
2257,2257,reason
2258,2258,emotion
2259,2259,emotion
2260,2260,no_treatment
2261,2261,emotion
2262,2262,emotion
2263,2263,no_treatment
2264,2264,emotion
2265,2265,reason
2266,2266,emotion
2267,2267,emotion
2268,2268,emotion
2269,2269,emotion
2270,2270,no_treatment
2271,2271,no_treatment
2272,2272,reason
2273,2273,reason
2274,2274,no_treatment
2275,2275,no_treatment
2276,2276,no_treatment
2277,2277,reason
2278,2278,no_treatment
2279,2279,no_treatment
2280,2280,reason
2281,2281,emotion
2282,2282,emotion
2283,2283,emotion
2284,2284,no_treatment
2285,2285,no_treatment
2286,2286,no_treatment
2287,2287,no_treatment
2288,2288,emotion
2289,2289,emotion
2290,2290,no_treatment
2291,2291,emotion
2292,2292,reason
2293,2293,emotion
2294,2294,reason
2295,2295,no_treatment
2296,2296,emotion
2297,2297,reason
2298,2298,no_treatment
2299,2299,no_treatment
2300,2300,no_treatment
2301,2301,emotion
2302,2302,no_treatment
2303,2303,no_treatment
2304,2304,emotion
2305,2305,no_treatment
2306,2306,reason
2307,2307,no_treatment
2308,2308,emotion
2309,2309,emotion
2310,2310,reason
2311,2311,emotion
2312,2312,emotion
2313,2313,no_treatment
2314,2314,no_treatment
2315,2315,no_treatment
2316,2316,emotion
2317,2317,no_treatment
2318,2318,emotion
2319,2319,no_treatment
2320,2320,reason
2321,2321,emotion
2322,2322,no_treatment
2323,2323,no_treatment
2324,2324,no_treatment
2325,2325,no_treatment
2326,2326,reason
2327,2327,no_treatment
2328,2328,emotion
2329,2329,reason
2330,2330,reason
2331,2331,reason
2332,2332,no_treatment
2333,2333,reason
2334,2334,emotion
2335,2335,emotion
2336,2336,emotion
2337,2337,no_treatment
2338,2338,no_treatment
2339,2339,emotion
2340,2340,emotion
2341,2341,emotion
2342,2342,no_treatment
2343,2343,reason
2344,2344,reason
2345,2345,no_treatment
2346,2346,emotion
2347,2347,no_treatment
2348,2348,reason
2349,2349,no_treatment
2350,2350,reason
2351,2351,emotion
2352,2352,emotion
2353,2353,no_treatment
2354,2354,no_treatment
2355,2355,emotion
2356,2356,no_treatment
2357,2357,no_treatment
2358,2358,no_treatment
2359,2359,no_treatment
2360,2360,reason
2361,2361,no_treatment
2362,2362,emotion
2363,2363,reason
2364,2364,reason
2365,2365,no_treatment
2366,2366,no_treatment
2367,2367,no_treatment
2368,2368,no_treatment
2369,2369,no_treatment
2370,2370,reason
2371,2371,reason
2372,2372,reason
2373,2373,reason
2374,2374,reason
2375,2375,emotion
2376,2376,no_treatment
2377,2377,no_treatment
2378,2378,emotion
2379,2379,no_treatment
2380,2380,emotion
2381,2381,no_treatment
2382,2382,emotion
2383,2383,reason
2384,2384,no_treatment
2385,2385,emotion
2386,2386,emotion
2387,2387,reason
2388,2388,emotion
2389,2389,no_treatment
2390,2390,reason
2391,2391,no_treatment
2392,2392,reason
2393,2393,emotion
2394,2394,reason
2395,2395,no_treatment
2396,2396,reason
2397,2397,emotion
2398,2398,reason
2399,2399,reason
2400,2400,no_treatment
2401,2401,reason
2402,2402,reason
2403,2403,reason
2404,2404,emotion
2405,2405,emotion
2406,2406,reason
2407,2407,reason
2408,2408,emotion
2409,2409,reason
2410,2410,no_treatment
2411,2411,no_treatment
2412,2412,emotion
2413,2413,emotion
2414,2414,no_treatment
2415,2415,no_treatment
2416,2416,emotion
2417,2417,no_treatment
2418,2418,no_treatment
2419,2419,emotion
2420,2420,reason
2421,2421,no_treatment
2422,2422,reason
2423,2423,no_treatment
2424,2424,no_treatment
2425,2425,no_treatment
2426,2426,emotion
2427,2427,reason
2428,2428,reason
2429,2429,no_treatment
2430,2430,no_treatment
2431,2431,emotion
2432,2432,reason
2433,2433,no_treatment
2434,2434,no_treatment
2435,2435,emotion
2436,2436,emotion
2437,2437,no_treatment
2438,2438,no_treatment
2439,2439,no_treatment
2440,2440,reason
2441,2441,emotion
2442,2442,no_treatment
2443,2443,no_treatment
2444,2444,no_treatment
2445,2445,no_treatment
2446,2446,emotion
2447,2447,no_treatment
2448,2448,emotion
2449,2449,emotion
2450,2450,reason
2451,2451,no_treatment
2452,2452,no_treatment
2453,2453,reason
2454,2454,reason
2455,2455,no_treatment
2456,2456,emotion
2457,2457,no_treatment
2458,2458,reason
2459,2459,reason
2460,2460,emotion
2461,2461,reason
2462,2462,reason
2463,2463,reason
2464,2464,reason
2465,2465,reason
2466,2466,no_treatment
2467,2467,reason
2468,2468,emotion
2469,2469,no_treatment
2470,2470,no_treatment
2471,2471,emotion
2472,2472,no_treatment
2473,2473,no_treatment
2474,2474,no_treatment
2475,2475,emotion
2476,2476,no_treatment
2477,2477,emotion
2478,2478,reason
2479,2479,no_treatment
2480,2480,emotion
2481,2481,no_treatment
2482,2482,reason
2483,2483,emotion
2484,2484,no_treatment
2485,2485,reason
2486,2486,no_treatment
2487,2487,no_treatment
2488,2488,no_treatment
2489,2489,emotion
2490,2490,emotion
2491,2491,no_treatment
2492,2492,no_treatment
2493,2493,emotion
2494,2494,no_treatment
2495,2495,no_treatment
2496,2496,no_treatment
2497,2497,reason
2498,2498,reason
2499,2499,emotion
2500,2500,emotion
2501,2501,no_treatment
2502,2502,reason
2503,2503,no_treatment
2504,2504,reason
2505,2505,emotion
2506,2506,reason
2507,2507,emotion
2508,2508,reason
2509,2509,reason
2510,2510,no_treatment
2511,2511,reason
2512,2512,reason
2513,2513,no_treatment
2514,2514,reason
2515,2515,emotion
2516,2516,reason
2517,2517,emotion
2518,2518,no_treatment
2519,2519,reason
2520,2520,no_treatment
2521,2521,no_treatment
2522,2522,reason
2523,2523,no_treatment
2524,2524,reason
2525,2525,reason
2526,2526,reason
2527,2527,emotion
2528,2528,emotion
2529,2529,reason
2530,2530,no_treatment
2531,2531,no_treatment
2532,2532,emotion
2533,2533,no_treatment
2534,2534,no_treatment
2535,2535,reason
2536,2536,reason
2537,2537,emotion
2538,2538,emotion
2539,2539,emotion
2540,2540,reason
2541,2541,no_treatment
2542,2542,emotion
2543,2543,emotion
2544,2544,reason
2545,2545,emotion
2546,2546,emotion
2547,2547,emotion
2548,2548,no_treatment
2549,2549,emotion
2550,2550,reason
2551,2551,emotion
2552,2552,no_treatment
2553,2553,no_treatment
2554,2554,emotion
2555,2555,reason
2556,2556,emotion
2557,2557,emotion
2558,2558,no_treatment
2559,2559,emotion
2560,2560,no_treatment
2561,2561,emotion
2562,2562,emotion
2563,2563,no_treatment
2564,2564,emotion
2565,2565,no_treatment
2566,2566,emotion
2567,2567,reason
2568,2568,no_treatment
2569,2569,reason
2570,2570,reason
2571,2571,emotion
2572,2572,no_treatment
2573,2573,emotion
2574,2574,reason
2575,2575,emotion
2576,2576,emotion
2577,2577,no_treatment
2578,2578,emotion
2579,2579,no_treatment
2580,2580,reason
2581,2581,no_treatment
2582,2582,no_treatment
2583,2583,no_treatment
2584,2584,reason
2585,2585,emotion
2586,2586,no_treatment
2587,2587,reason
2588,2588,emotion
2589,2589,no_treatment
2590,2590,emotion
2591,2591,no_treatment
2592,2592,reason
2593,2593,no_treatment
2594,2594,emotion
2595,2595,emotion
2596,2596,no_treatment
2597,2597,reason
2598,2598,no_treatment
2599,2599,no_treatment
2600,2600,reason
2601,2601,no_treatment
2602,2602,emotion
2603,2603,no_treatment
2604,2604,emotion
2605,2605,no_treatment
2606,2606,emotion
2607,2607,reason
2608,2608,emotion
2609,2609,reason
2610,2610,emotion
2611,2611,reason
2612,2612,reason
2613,2613,reason
2614,2614,emotion
2615,2615,emotion
2616,2616,emotion
2617,2617,reason
2618,2618,no_treatment
2619,2619,no_treatment
2620,2620,emotion
2621,2621,no_treatment
2622,2622,emotion
2623,2623,no_treatment
2624,2624,reason
2625,2625,reason
2626,2626,no_treatment
2627,2627,no_treatment
2628,2628,reason
2629,2629,emotion
2630,2630,emotion
2631,2631,emotion
2632,2632,no_treatment
2633,2633,reason
2634,2634,emotion
2635,2635,reason
2636,2636,emotion
2637,2637,reason
2638,2638,no_treatment
2639,2639,emotion
2640,2640,no_treatment
2641,2641,reason
2642,2642,reason
2643,2643,reason
2644,2644,emotion
2645,2645,no_treatment
2646,2646,emotion
2647,2647,reason
2648,2648,reason
2649,2649,reason
2650,2650,no_treatment
2651,2651,emotion
2652,2652,no_treatment
2653,2653,no_treatment
2654,2654,reason
2655,2655,reason
2656,2656,no_treatment
2657,2657,no_treatment
2658,2658,emotion
2659,2659,reason
2660,2660,reason
2661,2661,reason
2662,2662,reason
2663,2663,reason
2664,2664,emotion
2665,2665,reason
2666,2666,reason
2667,2667,no_treatment
2668,2668,emotion
2669,2669,no_treatment
2670,2670,emotion
2671,2671,no_treatment
2672,2672,reason
2673,2673,emotion
2674,2674,reason
2675,2675,reason
2676,2676,no_treatment
2677,2677,emotion
2678,2678,no_treatment
2679,2679,emotion
2680,2680,reason
2681,2681,emotion
2682,2682,no_treatment
2683,2683,emotion
2684,2684,no_treatment
2685,2685,reason
2686,2686,no_treatment
2687,2687,reason
2688,2688,reason
2689,2689,emotion
2690,2690,emotion
2691,2691,reason
2692,2692,reason
2693,2693,emotion
2694,2694,emotion
2695,2695,reason
2696,2696,reason
2697,2697,reason
2698,2698,no_treatment
2699,2699,no_treatment
2700,2700,emotion
2701,2701,no_treatment
2702,2702,no_treatment
2703,2703,reason
2704,2704,reason
2705,2705,no_treatment
2706,2706,emotion
2707,2707,no_treatment
2708,2708,no_treatment
2709,2709,emotion
2710,2710,reason
2711,2711,reason
2712,2712,reason
2713,2713,reason
2714,2714,emotion
2715,2715,reason
2716,2716,reason
2717,2717,emotion
2718,2718,emotion
2719,2719,emotion
2720,2720,emotion
2721,2721,emotion
2722,2722,no_treatment
2723,2723,reason
2724,2724,reason
2725,2725,no_treatment
2726,2726,emotion
2727,2727,no_treatment
2728,2728,reason
2729,2729,no_treatment
2730,2730,no_treatment
2731,2731,emotion
2732,2732,reason
2733,2733,no_treatment
2734,2734,no_treatment
2735,2735,no_treatment
2736,2736,reason
2737,2737,no_treatment
2738,2738,reason
2739,2739,reason
2740,2740,emotion
2741,2741,reason
2742,2742,emotion
2743,2743,emotion
2744,2744,reason
2745,2745,emotion
2746,2746,no_treatment
2747,2747,reason
2748,2748,emotion
2749,2749,emotion
2750,2750,emotion
2751,2751,reason
2752,2752,emotion
2753,2753,reason
2754,2754,no_treatment
2755,2755,emotion
2756,2756,emotion
2757,2757,emotion
2758,2758,emotion
2759,2759,emotion
2760,2760,emotion
2761,2761,emotion
2762,2762,reason
2763,2763,reason
2764,2764,emotion
2765,2765,no_treatment
2766,2766,reason
2767,2767,reason
2768,2768,reason
2769,2769,no_treatment
2770,2770,no_treatment
2771,2771,emotion
2772,2772,no_treatment
2773,2773,emotion
2774,2774,no_treatment
2775,2775,reason
2776,2776,reason
2777,2777,emotion
2778,2778,emotion
2779,2779,emotion
2780,2780,reason
2781,2781,emotion
2782,2782,reason
2783,2783,reason
2784,2784,no_treatment
2785,2785,no_treatment
2786,2786,no_treatment
2787,2787,no_treatment
2788,2788,no_treatment
2789,2789,emotion
2790,2790,reason
2791,2791,reason
2792,2792,reason
2793,2793,no_treatment
2794,2794,reason
2795,2795,no_treatment
2796,2796,emotion
2797,2797,no_treatment
2798,2798,reason
2799,2799,reason
2800,2800,no_treatment
2801,2801,reason
2802,2802,reason
2803,2803,reason
2804,2804,reason
2805,2805,reason
2806,2806,emotion
2807,2807,emotion
2808,2808,emotion
2809,2809,reason
2810,2810,no_treatment
2811,2811,no_treatment
2812,2812,reason
2813,2813,emotion
2814,2814,reason
2815,2815,no_treatment
2816,2816,no_treatment
2817,2817,no_treatment
2818,2818,reason
2819,2819,emotion
2820,2820,reason
2821,2821,emotion
2822,2822,emotion
2823,2823,reason
2824,2824,no_treatment
2825,2825,emotion
2826,2826,no_treatment
2827,2827,reason
2828,2828,no_treatment
2829,2829,no_treatment
2830,2830,no_treatment
2831,2831,no_treatment
2832,2832,no_treatment
2833,2833,emotion
2834,2834,reason
2835,2835,no_treatment
2836,2836,no_treatment
2837,2837,no_treatment
2838,2838,emotion
2839,2839,reason
2840,2840,no_treatment
2841,2841,no_treatment
2842,2842,reason
2843,2843,reason
2844,2844,emotion
2845,2845,reason
2846,2846,reason
2847,2847,emotion
2848,2848,no_treatment
2849,2849,reason
2850,2850,emotion
2851,2851,no_treatment
2852,2852,no_treatment
2853,2853,no_treatment
2854,2854,emotion
2855,2855,no_treatment
2856,2856,reason
2857,2857,no_treatment
2858,2858,emotion
2859,2859,reason
2860,2860,emotion
2861,2861,reason
2862,2862,no_treatment
2863,2863,emotion
2864,2864,emotion
2865,2865,reason
2866,2866,reason
2867,2867,no_treatment
2868,2868,no_treatment
2869,2869,no_treatment
2870,2870,reason
2871,2871,reason
2872,2872,emotion
2873,2873,emotion
2874,2874,reason
2875,2875,no_treatment
2876,2876,emotion
2877,2877,reason
2878,2878,reason
2879,2879,emotion
2880,2880,no_treatment
2881,2881,emotion
2882,2882,emotion
2883,2883,reason
2884,2884,no_treatment
2885,2885,no_treatment
2886,2886,no_treatment
2887,2887,reason
2888,2888,emotion
2889,2889,emotion
2890,2890,no_treatment
2891,2891,no_treatment
2892,2892,no_treatment
2893,2893,reason
2894,2894,no_treatment
2895,2895,emotion
2896,2896,no_treatment
2897,2897,emotion
2898,2898,reason
2899,2899,emotion
2900,2900,reason
2901,2901,emotion
2902,2902,no_treatment
2903,2903,reason
2904,2904,reason
2905,2905,reason
2906,2906,emotion
2907,2907,no_treatment
2908,2908,reason
2909,2909,reason
2910,2910,no_treatment
2911,2911,no_treatment
2912,2912,reason
2913,2913,no_treatment
2914,2914,emotion
2915,2915,no_treatment
2916,2916,emotion
2917,2917,no_treatment
2918,2918,reason
2919,2919,reason
2920,2920,emotion
2921,2921,emotion
2922,2922,no_treatment
2923,2923,emotion
2924,2924,reason
2925,2925,emotion
2926,2926,emotion
2927,2927,no_treatment
2928,2928,emotion
2929,2929,emotion
2930,2930,no_treatment
2931,2931,no_treatment
2932,2932,emotion
2933,2933,reason
2934,2934,no_treatment
2935,2935,no_treatment
2936,2936,no_treatment
2937,2937,no_treatment
2938,2938,no_treatment
2939,2939,no_treatment
2940,2940,no_treatment
2941,2941,reason
2942,2942,emotion
2943,2943,emotion
2944,2944,reason
2945,2945,no_treatment
2946,2946,no_treatment
2947,2947,no_treatment
2948,2948,no_treatment
2949,2949,reason
2950,2950,no_treatment
2951,2951,emotion
2952,2952,reason
2953,2953,reason
2954,2954,no_treatment
2955,2955,emotion
2956,2956,no_treatment
2957,2957,emotion
2958,2958,reason
2959,2959,emotion
2960,2960,emotion
2961,2961,no_treatment
2962,2962,reason
2963,2963,no_treatment
2964,2964,no_treatment
2965,2965,no_treatment
2966,2966,emotion
2967,2967,no_treatment
2968,2968,emotion
2969,2969,reason
2970,2970,reason
2971,2971,no_treatment
2972,2972,reason
2973,2973,emotion
2974,2974,reason
2975,2975,reason
2976,2976,reason
2977,2977,no_treatment
2978,2978,emotion
2979,2979,no_treatment
2980,2980,no_treatment
2981,2981,no_treatment
2982,2982,emotion
2983,2983,emotion
2984,2984,emotion
2985,2985,emotion
2986,2986,no_treatment
2987,2987,emotion
2988,2988,no_treatment
2989,2989,no_treatment
2990,2990,reason
2991,2991,emotion
2992,2992,reason
2993,2993,emotion
2994,2994,no_treatment
2995,2995,no_treatment
2996,2996,reason
2997,2997,reason
2998,2998,reason
2999,2999,emotion
3000,3000,no_treatment
3001,3001,no_treatment
3002,3002,no_treatment
3003,3003,no_treatment
3004,3004,reason
3005,3005,reason
3006,3006,reason
3007,3007,no_treatment
3008,3008,no_treatment
3009,3009,no_treatment
3010,3010,emotion
3011,3011,emotion
3012,3012,no_treatment
3013,3013,reason
3014,3014,no_treatment
3015,3015,reason
3016,3016,reason
3017,3017,no_treatment
3018,3018,reason
3019,3019,no_treatment
3020,3020,no_treatment
3021,3021,emotion
3022,3022,no_treatment
3023,3023,emotion
3024,3024,reason
3025,3025,no_treatment
3026,3026,emotion
3027,3027,reason
3028,3028,no_treatment
3029,3029,emotion
3030,3030,no_treatment
3031,3031,no_treatment
3032,3032,emotion
3033,3033,emotion
3034,3034,emotion
3035,3035,emotion
3036,3036,no_treatment
3037,3037,no_treatment
3038,3038,reason
3039,3039,emotion
3040,3040,no_treatment
3041,3041,emotion
3042,3042,no_treatment
3043,3043,no_treatment
3044,3044,emotion
3045,3045,emotion
3046,3046,no_treatment
3047,3047,emotion
3048,3048,emotion
3049,3049,no_treatment
3050,3050,no_treatment
3051,3051,reason
3052,3052,reason
3053,3053,reason
3054,3054,emotion
3055,3055,emotion
3056,3056,emotion
3057,3057,reason
3058,3058,emotion
3059,3059,emotion
3060,3060,emotion
3061,3061,emotion
3062,3062,reason
3063,3063,no_treatment
3064,3064,reason
3065,3065,no_treatment
3066,3066,no_treatment
3067,3067,emotion
3068,3068,no_treatment
3069,3069,reason
3070,3070,emotion
3071,3071,emotion
3072,3072,reason
3073,3073,emotion
3074,3074,emotion
3075,3075,no_treatment
3076,3076,no_treatment
3077,3077,reason
3078,3078,reason
3079,3079,emotion
3080,3080,emotion
3081,3081,no_treatment
3082,3082,emotion
3083,3083,reason
3084,3084,no_treatment
3085,3085,no_treatment
3086,3086,emotion
3087,3087,emotion
3088,3088,reason
3089,3089,reason
3090,3090,reason
3091,3091,emotion
3092,3092,no_treatment
3093,3093,emotion
3094,3094,reason
3095,3095,reason
3096,3096,emotion
3097,3097,emotion
3098,3098,emotion
3099,3099,emotion
3100,3100,emotion
3101,3101,reason
3102,3102,reason
3103,3103,reason
3104,3104,reason
3105,3105,reason
3106,3106,emotion
3107,3107,no_treatment
3108,3108,no_treatment
3109,3109,emotion
3110,3110,no_treatment
3111,3111,reason
3112,3112,no_treatment
3113,3113,emotion
3114,3114,emotion
3115,3115,emotion
3116,3116,reason
3117,3117,no_treatment
3118,3118,reason
3119,3119,emotion
3120,3120,reason
3121,3121,reason
3122,3122,reason
3123,3123,reason
3124,3124,reason
3125,3125,no_treatment
3126,3126,emotion
3127,3127,reason
3128,3128,emotion
3129,3129,no_treatment
3130,3130,reason
3131,3131,reason
3132,3132,no_treatment
3133,3133,reason
3134,3134,emotion
3135,3135,reason
3136,3136,no_treatment
3137,3137,no_treatment
3138,3138,no_treatment
3139,3139,reason
3140,3140,emotion
3141,3141,reason
3142,3142,no_treatment
3143,3143,no_treatment
3144,3144,emotion
3145,3145,emotion
3146,3146,reason
3147,3147,emotion
3148,3148,emotion
3149,3149,emotion
3150,3150,emotion
3151,3151,reason
3152,3152,no_treatment
3153,3153,no_treatment
3154,3154,no_treatment
3155,3155,no_treatment
3156,3156,emotion
3157,3157,reason
3158,3158,no_treatment
3159,3159,emotion
3160,3160,no_treatment
3161,3161,no_treatment
3162,3162,no_treatment
3163,3163,reason
3164,3164,reason
3165,3165,emotion
3166,3166,no_treatment
3167,3167,no_treatment
3168,3168,emotion
3169,3169,emotion
3170,3170,no_treatment
3171,3171,no_treatment
3172,3172,emotion
3173,3173,reason
3174,3174,no_treatment
3175,3175,emotion
3176,3176,no_treatment
3177,3177,reason
3178,3178,emotion
3179,3179,no_treatment
3180,3180,reason
3181,3181,emotion
3182,3182,emotion
3183,3183,no_treatment
3184,3184,reason
3185,3185,reason
3186,3186,no_treatment
3187,3187,emotion
3188,3188,reason
3189,3189,reason
3190,3190,no_treatment
3191,3191,reason
3192,3192,emotion
3193,3193,emotion
3194,3194,no_treatment
3195,3195,no_treatment
3196,3196,emotion
3197,3197,reason
3198,3198,no_treatment
3199,3199,emotion
3200,3200,no_treatment
3201,3201,emotion
3202,3202,no_treatment
3203,3203,reason
3204,3204,no_treatment
3205,3205,emotion
3206,3206,emotion
3207,3207,reason
3208,3208,reason
3209,3209,reason
3210,3210,reason
3211,3211,no_treatment
3212,3212,emotion
3213,3213,no_treatment
3214,3214,reason
3215,3215,emotion
3216,3216,emotion
3217,3217,no_treatment
3218,3218,no_treatment
3219,3219,emotion
3220,3220,no_treatment
3221,3221,reason
3222,3222,emotion
3223,3223,reason
3224,3224,emotion
3225,3225,reason
3226,3226,no_treatment
3227,3227,emotion
3228,3228,no_treatment
3229,3229,emotion
3230,3230,reason
3231,3231,no_treatment
3232,3232,no_treatment
3233,3233,no_treatment
3234,3234,emotion
3235,3235,no_treatment
3236,3236,no_treatment
3237,3237,reason
3238,3238,reason
3239,3239,reason
3240,3240,reason
3241,3241,emotion
3242,3242,no_treatment
3243,3243,emotion
3244,3244,no_treatment
3245,3245,no_treatment
3246,3246,reason
3247,3247,reason
3248,3248,emotion
3249,3249,no_treatment
3250,3250,no_treatment
3251,3251,emotion
3252,3252,no_treatment
3253,3253,emotion
3254,3254,no_treatment
3255,3255,emotion
3256,3256,reason
3257,3257,reason
3258,3258,reason
3259,3259,emotion
3260,3260,no_treatment
3261,3261,reason
3262,3262,emotion
3263,3263,reason
3264,3264,no_treatment
3265,3265,no_treatment
3266,3266,no_treatment
3267,3267,emotion
3268,3268,reason
3269,3269,no_treatment
3270,3270,reason
3271,3271,reason
3272,3272,reason
3273,3273,no_treatment
3274,3274,no_treatment
3275,3275,emotion
3276,3276,emotion
3277,3277,reason
3278,3278,no_treatment
3279,3279,emotion
3280,3280,emotion
3281,3281,emotion
3282,3282,reason
3283,3283,reason
3284,3284,emotion
3285,3285,reason
3286,3286,reason
3287,3287,no_treatment
3288,3288,emotion
3289,3289,emotion
3290,3290,no_treatment
3291,3291,no_treatment
3292,3292,reason
3293,3293,no_treatment
3294,3294,emotion
3295,3295,reason
3296,3296,reason
3297,3297,emotion
3298,3298,no_treatment
3299,3299,reason
3300,3300,emotion
3301,3301,no_treatment
3302,3302,emotion
3303,3303,no_treatment
3304,3304,no_treatment
3305,3305,emotion
3306,3306,no_treatment
3307,3307,reason
3308,3308,reason
3309,3309,emotion
3310,3310,emotion
3311,3311,emotion
3312,3312,emotion
3313,3313,reason
3314,3314,reason
3315,3315,no_treatment
3316,3316,no_treatment
3317,3317,no_treatment
3318,3318,emotion
3319,3319,emotion
3320,3320,reason
3321,3321,emotion
3322,3322,no_treatment
3323,3323,emotion
3324,3324,reason
3325,3325,no_treatment
3326,3326,no_treatment
3327,3327,reason
3328,3328,emotion
3329,3329,no_treatment
3330,3330,reason
3331,3331,emotion
3332,3332,emotion
3333,3333,emotion
3334,3334,no_treatment
3335,3335,emotion
3336,3336,reason
3337,3337,reason
3338,3338,reason
3339,3339,emotion
3340,3340,no_treatment
3341,3341,reason
3342,3342,emotion
3343,3343,no_treatment
3344,3344,reason
3345,3345,emotion
3346,3346,no_treatment
3347,3347,emotion
3348,3348,emotion
3349,3349,emotion
3350,3350,no_treatment
3351,3351,emotion
3352,3352,emotion
3353,3353,emotion
3354,3354,reason
3355,3355,emotion
3356,3356,reason
3357,3357,reason
3358,3358,emotion
3359,3359,reason
3360,3360,emotion
3361,3361,reason
3362,3362,reason
3363,3363,no_treatment
3364,3364,no_treatment
3365,3365,reason
3366,3366,emotion
3367,3367,reason
3368,3368,emotion
3369,3369,emotion
3370,3370,reason
3371,3371,no_treatment
3372,3372,reason
3373,3373,reason
3374,3374,no_treatment
3375,3375,emotion
3376,3376,emotion
3377,3377,emotion
3378,3378,emotion
3379,3379,emotion
3380,3380,emotion
3381,3381,emotion
3382,3382,emotion
3383,3383,no_treatment
3384,3384,no_treatment
3385,3385,emotion
3386,3386,emotion
3387,3387,emotion
3388,3388,emotion
3389,3389,emotion
3390,3390,no_treatment
3391,3391,no_treatment
3392,3392,no_treatment
3393,3393,no_treatment
3394,3394,no_treatment
3395,3395,emotion
3396,3396,no_treatment
3397,3397,reason
3398,3398,reason
3399,3399,emotion
3400,3400,no_treatment
3401,3401,emotion
3402,3402,reason
3403,3403,emotion
3404,3404,emotion
3405,3405,reason
3406,3406,no_treatment
3407,3407,no_treatment
3408,3408,no_treatment
3409,3409,reason
3410,3410,reason
3411,3411,emotion
3412,3412,emotion
3413,3413,reason
3414,3414,no_treatment
3415,3415,emotion
3416,3416,no_treatment
3417,3417,no_treatment
3418,3418,reason
3419,3419,no_treatment
3420,3420,no_treatment
3421,3421,emotion
3422,3422,emotion
3423,3423,emotion
3424,3424,reason
3425,3425,emotion
3426,3426,reason
3427,3427,emotion
3428,3428,reason
3429,3429,reason
3430,3430,emotion
3431,3431,emotion
3432,3432,emotion
3433,3433,reason
3434,3434,no_treatment
3435,3435,emotion
3436,3436,reason
3437,3437,emotion
3438,3438,emotion
3439,3439,reason
3440,3440,emotion
3441,3441,no_treatment
3442,3442,no_treatment
3443,3443,reason
3444,3444,no_treatment
3445,3445,emotion
3446,3446,no_treatment
3447,3447,reason
3448,3448,emotion
3449,3449,emotion
3450,3450,reason
3451,3451,no_treatment
3452,3452,emotion
3453,3453,reason
3454,3454,emotion
3455,3455,emotion
3456,3456,reason
3457,3457,no_treatment
3458,3458,no_treatment
3459,3459,reason
3460,3460,emotion
3461,3461,reason
3462,3462,no_treatment
3463,3463,no_treatment
3464,3464,emotion
3465,3465,no_treatment
3466,3466,emotion
3467,3467,emotion
3468,3468,no_treatment
3469,3469,emotion
3470,3470,emotion
3471,3471,no_treatment
3472,3472,reason
3473,3473,reason
3474,3474,no_treatment
3475,3475,no_treatment
3476,3476,no_treatment
3477,3477,reason
3478,3478,emotion
3479,3479,no_treatment
3480,3480,reason
3481,3481,reason
3482,3482,emotion
3483,3483,emotion
3484,3484,reason
3485,3485,no_treatment
3486,3486,no_treatment
3487,3487,emotion
3488,3488,no_treatment
3489,3489,no_treatment
3490,3490,no_treatment
3491,3491,reason
3492,3492,reason
3493,3493,reason
3494,3494,reason
3495,3495,reason
3496,3496,emotion
3497,3497,reason
3498,3498,reason
3499,3499,emotion
3500,3500,reason
3501,3501,no_treatment
3502,3502,reason
3503,3503,no_treatment
3504,3504,no_treatment
3505,3505,no_treatment
3506,3506,no_treatment
3507,3507,no_treatment
3508,3508,reason
3509,3509,no_treatment
3510,3510,no_treatment
3511,3511,no_treatment
3512,3512,emotion
3513,3513,emotion
3514,3514,emotion
3515,3515,emotion
3516,3516,no_treatment
3517,3517,reason
3518,3518,emotion
3519,3519,emotion
3520,3520,reason
3521,3521,reason
3522,3522,reason
3523,3523,emotion
3524,3524,emotion
3525,3525,reason
3526,3526,no_treatment
3527,3527,no_treatment
3528,3528,no_treatment
3529,3529,reason
3530,3530,emotion
3531,3531,emotion
3532,3532,no_treatment
3533,3533,no_treatment
3534,3534,emotion
3535,3535,no_treatment
3536,3536,reason
3537,3537,reason
3538,3538,no_treatment
3539,3539,reason
3540,3540,reason
3541,3541,no_treatment
3542,3542,reason
3543,3543,emotion
3544,3544,no_treatment
3545,3545,reason
3546,3546,reason
3547,3547,reason
3548,3548,reason
3549,3549,reason
3550,3550,reason
3551,3551,emotion
3552,3552,reason
3553,3553,no_treatment
3554,3554,no_treatment
3555,3555,no_treatment
3556,3556,emotion
3557,3557,reason
3558,3558,no_treatment
3559,3559,emotion
3560,3560,reason
3561,3561,no_treatment
3562,3562,emotion
3563,3563,reason
3564,3564,no_treatment
3565,3565,no_treatment
3566,3566,emotion
3567,3567,emotion
3568,3568,emotion
3569,3569,no_treatment
3570,3570,reason
3571,3571,emotion
3572,3572,no_treatment
3573,3573,reason
3574,3574,no_treatment
3575,3575,no_treatment
3576,3576,reason
3577,3577,no_treatment
3578,3578,reason
3579,3579,no_treatment
3580,3580,no_treatment
3581,3581,reason
3582,3582,no_treatment
3583,3583,no_treatment
3584,3584,emotion
3585,3585,reason
3586,3586,reason
3587,3587,emotion
3588,3588,no_treatment
3589,3589,no_treatment
3590,3590,emotion
3591,3591,emotion
3592,3592,reason
3593,3593,reason
3594,3594,emotion
3595,3595,emotion
3596,3596,emotion
3597,3597,no_treatment
3598,3598,emotion
3599,3599,emotion
3600,3600,reason
3601,3601,no_treatment
3602,3602,no_treatment
3603,3603,no_treatment
3604,3604,emotion
3605,3605,emotion
3606,3606,emotion
3607,3607,reason
3608,3608,no_treatment
3609,3609,no_treatment
3610,3610,reason
3611,3611,reason
3612,3612,no_treatment
3613,3613,reason
3614,3614,emotion
3615,3615,no_treatment
3616,3616,reason
3617,3617,no_treatment
3618,3618,emotion
3619,3619,no_treatment
3620,3620,no_treatment
3621,3621,no_treatment
3622,3622,reason
3623,3623,reason
3624,3624,reason
3625,3625,emotion
3626,3626,no_treatment
3627,3627,emotion
3628,3628,no_treatment
3629,3629,reason
3630,3630,emotion
3631,3631,no_treatment
3632,3632,emotion
3633,3633,no_treatment
3634,3634,reason
3635,3635,no_treatment
3636,3636,emotion
3637,3637,no_treatment
3638,3638,reason
3639,3639,emotion
3640,3640,no_treatment
3641,3641,no_treatment
3642,3642,reason
3643,3643,reason
3644,3644,emotion
3645,3645,reason
3646,3646,no_treatment
3647,3647,reason
3648,3648,emotion
3649,3649,emotion
3650,3650,emotion
3651,3651,no_treatment
3652,3652,no_treatment
3653,3653,reason
3654,3654,no_treatment
3655,3655,reason
3656,3656,emotion
3657,3657,reason
3658,3658,reason
3659,3659,reason
3660,3660,emotion
3661,3661,no_treatment
3662,3662,no_treatment
3663,3663,no_treatment
3664,3664,emotion
3665,3665,reason
3666,3666,reason
3667,3667,reason
3668,3668,reason
3669,3669,no_treatment
3670,3670,emotion
3671,3671,emotion
3672,3672,reason
3673,3673,reason
3674,3674,reason
3675,3675,reason
3676,3676,no_treatment
3677,3677,reason
3678,3678,no_treatment
3679,3679,emotion
3680,3680,reason
3681,3681,no_treatment
3682,3682,emotion
3683,3683,reason
3684,3684,no_treatment
3685,3685,reason
3686,3686,reason
3687,3687,no_treatment
3688,3688,no_treatment
3689,3689,reason
3690,3690,reason
3691,3691,no_treatment
3692,3692,reason
3693,3693,reason
3694,3694,emotion
3695,3695,no_treatment
3696,3696,reason
3697,3697,no_treatment
3698,3698,emotion
3699,3699,emotion
3700,3700,no_treatment
3701,3701,no_treatment
3702,3702,reason
3703,3703,reason
3704,3704,no_treatment
3705,3705,no_treatment
3706,3706,emotion
3707,3707,emotion
3708,3708,no_treatment
3709,3709,no_treatment
3710,3710,no_treatment
3711,3711,emotion
3712,3712,reason
3713,3713,emotion
3714,3714,emotion
3715,3715,emotion
3716,3716,emotion
3717,3717,reason
3718,3718,emotion
3719,3719,no_treatment
3720,3720,no_treatment
3721,3721,emotion
3722,3722,reason
3723,3723,emotion
3724,3724,no_treatment
3725,3725,emotion
3726,3726,no_treatment
3727,3727,emotion
3728,3728,reason
3729,3729,no_treatment
3730,3730,reason
3731,3731,emotion
3732,3732,reason
3733,3733,reason
3734,3734,emotion
3735,3735,emotion
3736,3736,no_treatment
3737,3737,no_treatment
3738,3738,no_treatment
3739,3739,emotion
3740,3740,emotion
3741,3741,emotion
3742,3742,emotion
3743,3743,emotion
3744,3744,no_treatment
3745,3745,reason
3746,3746,no_treatment
3747,3747,reason
3748,3748,reason
3749,3749,reason
3750,3750,emotion
3751,3751,reason
3752,3752,no_treatment
3753,3753,no_treatment
3754,3754,emotion
3755,3755,emotion
3756,3756,no_treatment
3757,3757,no_treatment
3758,3758,emotion
3759,3759,no_treatment
3760,3760,emotion
3761,3761,emotion
3762,3762,reason
3763,3763,emotion
3764,3764,reason
3765,3765,emotion
3766,3766,no_treatment
3767,3767,no_treatment
3768,3768,no_treatment
3769,3769,emotion
3770,3770,emotion
3771,3771,reason
3772,3772,no_treatment
3773,3773,reason
3774,3774,reason
3775,3775,no_treatment
3776,3776,reason
3777,3777,reason
3778,3778,no_treatment
3779,3779,reason
3780,3780,reason
3781,3781,reason
3782,3782,reason
3783,3783,reason
3784,3784,no_treatment
3785,3785,reason
3786,3786,no_treatment
3787,3787,reason
3788,3788,emotion
3789,3789,no_treatment
3790,3790,emotion
3791,3791,emotion
3792,3792,no_treatment
3793,3793,reason
3794,3794,emotion
3795,3795,no_treatment
3796,3796,reason
3797,3797,reason
3798,3798,reason
3799,3799,emotion
3800,3800,reason
3801,3801,reason
3802,3802,emotion
3803,3803,emotion
3804,3804,reason
3805,3805,reason
3806,3806,emotion
3807,3807,no_treatment
3808,3808,no_treatment
3809,3809,no_treatment
3810,3810,emotion
3811,3811,reason
3812,3812,emotion
3813,3813,no_treatment
3814,3814,emotion
3815,3815,no_treatment
3816,3816,no_treatment
3817,3817,reason
3818,3818,reason
3819,3819,reason
3820,3820,emotion
3821,3821,reason
3822,3822,no_treatment
3823,3823,reason
3824,3824,reason
3825,3825,reason
3826,3826,no_treatment
3827,3827,no_treatment
3828,3828,no_treatment
3829,3829,no_treatment
3830,3830,emotion
3831,3831,reason
3832,3832,reason
3833,3833,reason
3834,3834,no_treatment
3835,3835,reason
3836,3836,reason
3837,3837,emotion
3838,3838,emotion
3839,3839,emotion
3840,3840,emotion
3841,3841,no_treatment
3842,3842,emotion
3843,3843,reason
3844,3844,no_treatment
3845,3845,no_treatment
3846,3846,reason
3847,3847,emotion
3848,3848,emotion
3849,3849,reason
3850,3850,no_treatment
3851,3851,reason
3852,3852,no_treatment
3853,3853,no_treatment
3854,3854,emotion
3855,3855,reason
3856,3856,reason
3857,3857,reason
3858,3858,reason
3859,3859,emotion
3860,3860,no_treatment
3861,3861,emotion
3862,3862,no_treatment
3863,3863,emotion
3864,3864,no_treatment
3865,3865,no_treatment
3866,3866,reason
3867,3867,no_treatment
3868,3868,emotion
3869,3869,no_treatment
3870,3870,emotion
3871,3871,emotion
3872,3872,reason
3873,3873,reason
3874,3874,emotion
3875,3875,no_treatment
3876,3876,no_treatment
3877,3877,reason
3878,3878,no_treatment
3879,3879,no_treatment
3880,3880,reason
3881,3881,reason
3882,3882,reason
3883,3883,no_treatment
3884,3884,no_treatment
3885,3885,reason
3886,3886,reason
3887,3887,no_treatment
3888,3888,no_treatment
3889,3889,no_treatment
3890,3890,emotion
3891,3891,reason
3892,3892,emotion
3893,3893,reason
3894,3894,no_treatment
3895,3895,emotion
3896,3896,no_treatment
3897,3897,emotion
3898,3898,no_treatment
3899,3899,reason
3900,3900,emotion
3901,3901,emotion
3902,3902,reason
3903,3903,no_treatment
3904,3904,emotion
3905,3905,emotion
3906,3906,no_treatment
3907,3907,no_treatment
3908,3908,emotion
3909,3909,no_treatment
3910,3910,reason
3911,3911,reason
3912,3912,emotion
3913,3913,emotion
3914,3914,emotion
3915,3915,reason
3916,3916,emotion
3917,3917,no_treatment
3918,3918,emotion
3919,3919,no_treatment
3920,3920,no_treatment
3921,3921,reason
3922,3922,reason
3923,3923,emotion
3924,3924,no_treatment
3925,3925,reason
3926,3926,reason
3927,3927,no_treatment
3928,3928,emotion
3929,3929,reason
3930,3930,reason
3931,3931,no_treatment
3932,3932,no_treatment
3933,3933,reason
3934,3934,emotion
3935,3935,no_treatment
3936,3936,no_treatment
3937,3937,no_treatment
3938,3938,emotion
3939,3939,no_treatment
3940,3940,reason
3941,3941,reason
3942,3942,no_treatment
3943,3943,emotion
3944,3944,no_treatment
3945,3945,reason
3946,3946,no_treatment
3947,3947,reason
3948,3948,emotion
3949,3949,reason
3950,3950,emotion
3951,3951,no_treatment
3952,3952,emotion
3953,3953,reason
3954,3954,emotion
3955,3955,no_treatment
3956,3956,reason
3957,3957,reason
3958,3958,reason
3959,3959,no_treatment
3960,3960,emotion
3961,3961,reason
3962,3962,no_treatment
3963,3963,no_treatment
3964,3964,reason
3965,3965,no_treatment
3966,3966,emotion
3967,3967,emotion
3968,3968,emotion
3969,3969,no_treatment
3970,3970,reason
3971,3971,reason
3972,3972,reason
3973,3973,no_treatment
3974,3974,emotion
3975,3975,emotion
3976,3976,reason
3977,3977,emotion
3978,3978,no_treatment
3979,3979,emotion
3980,3980,no_treatment
3981,3981,emotion
3982,3982,no_treatment
3983,3983,reason
3984,3984,emotion
3985,3985,no_treatment
3986,3986,no_treatment
3987,3987,reason
3988,3988,emotion
3989,3989,reason
3990,3990,no_treatment
3991,3991,emotion
3992,3992,emotion
3993,3993,reason
3994,3994,no_treatment
3995,3995,emotion
3996,3996,reason
3997,3997,emotion
3998,3998,reason
3999,3999,emotion
4000,4000,no_treatment
4001,4001,no_treatment
4002,4002,emotion
4003,4003,no_treatment
4004,4004,emotion
4005,4005,reason
4006,4006,no_treatment
4007,4007,reason
4008,4008,reason
4009,4009,no_treatment
4010,4010,reason
4011,4011,no_treatment
4012,4012,no_treatment
4013,4013,emotion
4014,4014,reason
4015,4015,emotion
4016,4016,reason
4017,4017,emotion
4018,4018,no_treatment
4019,4019,emotion
4020,4020,emotion
4021,4021,emotion
4022,4022,emotion
4023,4023,no_treatment
4024,4024,reason
4025,4025,no_treatment
4026,4026,emotion
4027,4027,reason
4028,4028,reason
4029,4029,emotion
4030,4030,emotion
4031,4031,reason
4032,4032,no_treatment
4033,4033,emotion
4034,4034,no_treatment
4035,4035,reason
4036,4036,emotion
4037,4037,reason
4038,4038,reason
4039,4039,no_treatment
4040,4040,reason
4041,4041,emotion
4042,4042,reason
4043,4043,emotion
4044,4044,no_treatment
4045,4045,emotion
4046,4046,no_treatment
4047,4047,emotion
4048,4048,no_treatment
4049,4049,no_treatment
4050,4050,emotion
4051,4051,emotion
4052,4052,no_treatment
4053,4053,emotion
4054,4054,no_treatment
4055,4055,emotion
4056,4056,reason
4057,4057,no_treatment
4058,4058,emotion
4059,4059,emotion
4060,4060,emotion
4061,4061,reason
4062,4062,no_treatment
4063,4063,no_treatment
4064,4064,no_treatment
4065,4065,reason
4066,4066,emotion
4067,4067,no_treatment
4068,4068,emotion
4069,4069,emotion
4070,4070,no_treatment
4071,4071,emotion
4072,4072,emotion
4073,4073,reason
4074,4074,reason
4075,4075,reason
4076,4076,no_treatment
4077,4077,emotion
4078,4078,emotion
4079,4079,no_treatment
4080,4080,emotion
4081,4081,emotion
4082,4082,reason
4083,4083,no_treatment
4084,4084,reason
4085,4085,reason
4086,4086,reason
4087,4087,reason
4088,4088,reason
4089,4089,no_treatment
4090,4090,reason
4091,4091,no_treatment
4092,4092,reason
4093,4093,reason
4094,4094,emotion
4095,4095,no_treatment
4096,4096,no_treatment
4097,4097,no_treatment
4098,4098,emotion
4099,4099,no_treatment
4100,4100,emotion
4101,4101,emotion
4102,4102,reason
4103,4103,emotion
4104,4104,emotion
4105,4105,emotion
4106,4106,emotion
4107,4107,reason
4108,4108,emotion
4109,4109,reason
4110,4110,no_treatment
4111,4111,reason
4112,4112,reason
4113,4113,no_treatment
4114,4114,emotion
4115,4115,reason
4116,4116,emotion
4117,4117,reason
4118,4118,reason
4119,4119,reason
4120,4120,emotion
4121,4121,no_treatment
4122,4122,emotion
4123,4123,emotion
4124,4124,reason
4125,4125,emotion
4126,4126,no_treatment
4127,4127,reason
4128,4128,no_treatment
4129,4129,emotion
4130,4130,no_treatment
4131,4131,reason
4132,4132,emotion
4133,4133,no_treatment
4134,4134,no_treatment
4135,4135,reason
4136,4136,no_treatment
4137,4137,reason
4138,4138,reason
4139,4139,emotion
4140,4140,no_treatment
4141,4141,no_treatment
4142,4142,emotion
4143,4143,reason
4144,4144,emotion
4145,4145,reason
4146,4146,emotion
4147,4147,emotion
4148,4148,reason
4149,4149,emotion
4150,4150,emotion
4151,4151,no_treatment
4152,4152,emotion
4153,4153,reason
4154,4154,reason
4155,4155,reason
4156,4156,reason
4157,4157,emotion
4158,4158,no_treatment
4159,4159,emotion
4160,4160,emotion
4161,4161,emotion
4162,4162,reason
4163,4163,no_treatment
4164,4164,no_treatment
4165,4165,emotion
4166,4166,reason
4167,4167,no_treatment
4168,4168,reason
4169,4169,no_treatment
4170,4170,no_treatment
4171,4171,reason
4172,4172,no_treatment
4173,4173,no_treatment
4174,4174,no_treatment
4175,4175,emotion
4176,4176,reason
4177,4177,emotion
4178,4178,emotion
4179,4179,reason
4180,4180,emotion
4181,4181,emotion
4182,4182,reason
4183,4183,emotion
4184,4184,reason
4185,4185,no_treatment
4186,4186,emotion
4187,4187,reason
4188,4188,no_treatment
4189,4189,reason
4190,4190,emotion
4191,4191,no_treatment
4192,4192,no_treatment
4193,4193,reason
4194,4194,no_treatment
4195,4195,no_treatment
4196,4196,emotion
4197,4197,emotion
4198,4198,reason
4199,4199,emotion
4200,4200,emotion
4201,4201,no_treatment
4202,4202,emotion
4203,4203,no_treatment
4204,4204,reason
4205,4205,reason
4206,4206,reason
4207,4207,reason
4208,4208,emotion
4209,4209,no_treatment
4210,4210,emotion
4211,4211,emotion
4212,4212,no_treatment
4213,4213,emotion
4214,4214,emotion
4215,4215,reason
4216,4216,no_treatment
4217,4217,reason
4218,4218,reason
4219,4219,emotion
4220,4220,no_treatment
4221,4221,emotion
4222,4222,no_treatment
4223,4223,no_treatment
4224,4224,emotion
4225,4225,no_treatment
4226,4226,no_treatment
4227,4227,reason
4228,4228,emotion
4229,4229,reason
4230,4230,emotion
4231,4231,no_treatment
4232,4232,emotion
4233,4233,emotion
4234,4234,no_treatment
4235,4235,emotion
4236,4236,emotion
4237,4237,no_treatment
4238,4238,emotion
4239,4239,no_treatment
4240,4240,reason
4241,4241,reason
4242,4242,emotion
4243,4243,emotion
4244,4244,no_treatment
4245,4245,no_treatment
4246,4246,no_treatment
4247,4247,reason
4248,4248,no_treatment
4249,4249,no_treatment
4250,4250,emotion
4251,4251,no_treatment
4252,4252,reason
4253,4253,reason
4254,4254,no_treatment
4255,4255,emotion
4256,4256,emotion
4257,4257,emotion
4258,4258,no_treatment
4259,4259,emotion
4260,4260,emotion
4261,4261,reason
4262,4262,reason
4263,4263,no_treatment
4264,4264,emotion
4265,4265,emotion
4266,4266,emotion
4267,4267,no_treatment
4268,4268,emotion
4269,4269,no_treatment
4270,4270,emotion
4271,4271,reason
4272,4272,no_treatment
4273,4273,no_treatment
4274,4274,no_treatment
4275,4275,no_treatment
4276,4276,no_treatment
4277,4277,no_treatment
4278,4278,no_treatment
4279,4279,emotion
4280,4280,reason
4281,4281,emotion
4282,4282,no_treatment
4283,4283,emotion
4284,4284,no_treatment
4285,4285,reason
4286,4286,emotion
4287,4287,emotion
4288,4288,reason
4289,4289,reason
4290,4290,reason
4291,4291,no_treatment
4292,4292,reason
4293,4293,reason
4294,4294,reason
4295,4295,no_treatment
4296,4296,emotion
4297,4297,emotion
4298,4298,emotion
4299,4299,reason
4300,4300,no_treatment
4301,4301,no_treatment
4302,4302,reason
4303,4303,emotion
4304,4304,reason
4305,4305,reason
4306,4306,no_treatment
4307,4307,emotion
4308,4308,reason
4309,4309,reason
4310,4310,no_treatment
4311,4311,no_treatment
4312,4312,no_treatment
4313,4313,emotion
4314,4314,emotion
4315,4315,emotion
4316,4316,reason
4317,4317,emotion
4318,4318,emotion
4319,4319,reason
4320,4320,no_treatment
4321,4321,reason
4322,4322,emotion
4323,4323,reason
4324,4324,emotion
4325,4325,reason
4326,4326,reason
4327,4327,emotion
4328,4328,emotion
4329,4329,emotion
4330,4330,reason
4331,4331,emotion
4332,4332,emotion
4333,4333,reason
4334,4334,no_treatment
4335,4335,emotion
4336,4336,reason
4337,4337,no_treatment
4338,4338,no_treatment
4339,4339,no_treatment
4340,4340,no_treatment
4341,4341,emotion
4342,4342,reason
4343,4343,emotion
4344,4344,no_treatment
4345,4345,emotion
4346,4346,no_treatment
4347,4347,reason
4348,4348,emotion
4349,4349,no_treatment
4350,4350,no_treatment
4351,4351,no_treatment
4352,4352,no_treatment
4353,4353,emotion
4354,4354,emotion
4355,4355,no_treatment
4356,4356,emotion
4357,4357,reason
4358,4358,emotion
4359,4359,emotion
4360,4360,reason
4361,4361,no_treatment
4362,4362,reason
4363,4363,emotion
4364,4364,no_treatment
4365,4365,emotion
4366,4366,no_treatment
4367,4367,emotion
4368,4368,no_treatment
4369,4369,reason
4370,4370,reason
4371,4371,no_treatment
4372,4372,no_treatment
4373,4373,reason
4374,4374,no_treatment
4375,4375,emotion
4376,4376,no_treatment
4377,4377,emotion
4378,4378,emotion
4379,4379,emotion
4380,4380,emotion
4381,4381,emotion
4382,4382,emotion
4383,4383,reason
4384,4384,reason
4385,4385,reason
4386,4386,no_treatment
4387,4387,emotion
4388,4388,no_treatment
4389,4389,no_treatment
4390,4390,emotion
4391,4391,no_treatment
4392,4392,reason
4393,4393,reason
4394,4394,emotion
4395,4395,emotion
4396,4396,no_treatment
4397,4397,emotion
4398,4398,reason
4399,4399,no_treatment
4400,4400,emotion
4401,4401,reason
4402,4402,emotion
4403,4403,no_treatment
4404,4404,no_treatment
4405,4405,emotion
4406,4406,emotion
4407,4407,reason
4408,4408,emotion
4409,4409,no_treatment
4410,4410,emotion
4411,4411,reason
4412,4412,no_treatment
4413,4413,no_treatment
4414,4414,emotion
4415,4415,reason
4416,4416,reason
4417,4417,reason
4418,4418,emotion
4419,4419,reason
4420,4420,no_treatment
4421,4421,no_treatment
4422,4422,emotion
4423,4423,emotion
4424,4424,no_treatment
4425,4425,no_treatment
4426,4426,no_treatment
4427,4427,reason
4428,4428,reason
4429,4429,no_treatment
4430,4430,no_treatment
4431,4431,reason
4432,4432,emotion
4433,4433,no_treatment
4434,4434,reason
4435,4435,no_treatment
4436,4436,reason
4437,4437,no_treatment
4438,4438,emotion
4439,4439,reason
4440,4440,no_treatment
4441,4441,no_treatment
4442,4442,no_treatment
4443,4443,emotion
4444,4444,no_treatment
4445,4445,emotion
4446,4446,emotion
4447,4447,no_treatment
4448,4448,reason
4449,4449,reason
4450,4450,emotion
4451,4451,reason
4452,4452,no_treatment
4453,4453,emotion
4454,4454,emotion
4455,4455,no_treatment
4456,4456,emotion
4457,4457,emotion
4458,4458,reason
4459,4459,emotion
4460,4460,reason
4461,4461,no_treatment
4462,4462,emotion
4463,4463,reason
4464,4464,emotion
4465,4465,reason
4466,4466,no_treatment
4467,4467,reason
4468,4468,no_treatment
4469,4469,emotion
4470,4470,emotion
4471,4471,reason
4472,4472,no_treatment
4473,4473,reason
4474,4474,emotion
4475,4475,no_treatment
4476,4476,no_treatment
4477,4477,emotion
4478,4478,no_treatment
4479,4479,no_treatment
4480,4480,reason
4481,4481,emotion
4482,4482,emotion
4483,4483,emotion
4484,4484,no_treatment
4485,4485,emotion
4486,4486,reason
4487,4487,no_treatment
4488,4488,reason
4489,4489,no_treatment
4490,4490,no_treatment
4491,4491,no_treatment
4492,4492,no_treatment
4493,4493,reason
4494,4494,emotion
4495,4495,reason
4496,4496,reason
4497,4497,emotion
4498,4498,reason
4499,4499,no_treatment
4500,4500,no_treatment
4501,4501,emotion
4502,4502,emotion
4503,4503,emotion
4504,4504,no_treatment
4505,4505,no_treatment
4506,4506,reason
4507,4507,emotion
4508,4508,emotion
4509,4509,no_treatment
4510,4510,reason
4511,4511,reason
4512,4512,no_treatment
4513,4513,no_treatment
4514,4514,no_treatment
4515,4515,emotion
4516,4516,emotion
4517,4517,emotion
4518,4518,reason
4519,4519,emotion
4520,4520,reason
4521,4521,reason
4522,4522,no_treatment
4523,4523,reason
4524,4524,no_treatment
4525,4525,reason
4526,4526,reason
4527,4527,emotion
4528,4528,no_treatment
4529,4529,emotion
4530,4530,no_treatment
4531,4531,reason
4532,4532,no_treatment
4533,4533,reason
4534,4534,no_treatment
4535,4535,emotion
4536,4536,no_treatment
4537,4537,no_treatment
4538,4538,reason
4539,4539,no_treatment
4540,4540,reason
4541,4541,reason
4542,4542,no_treatment
4543,4543,reason
4544,4544,reason
4545,4545,emotion
4546,4546,no_treatment
4547,4547,reason
4548,4548,emotion
4549,4549,no_treatment
4550,4550,no_treatment
4551,4551,no_treatment
4552,4552,no_treatment
4553,4553,emotion
4554,4554,emotion
4555,4555,reason
4556,4556,no_treatment
4557,4557,no_treatment
4558,4558,no_treatment
4559,4559,reason
4560,4560,emotion
4561,4561,emotion
4562,4562,no_treatment
4563,4563,no_treatment
4564,4564,emotion
4565,4565,reason
4566,4566,no_treatment
4567,4567,no_treatment
4568,4568,reason
4569,4569,reason
4570,4570,no_treatment
4571,4571,no_treatment
4572,4572,emotion
4573,4573,reason
4574,4574,reason
4575,4575,reason
4576,4576,emotion
4577,4577,emotion
4578,4578,emotion
4579,4579,no_treatment
4580,4580,reason
4581,4581,reason
4582,4582,emotion
4583,4583,reason
4584,4584,reason
4585,4585,emotion
4586,4586,no_treatment
4587,4587,no_treatment
4588,4588,no_treatment
4589,4589,emotion
4590,4590,no_treatment
4591,4591,reason
4592,4592,no_treatment
4593,4593,reason
4594,4594,reason
4595,4595,reason
4596,4596,no_treatment
4597,4597,no_treatment
4598,4598,no_treatment
4599,4599,emotion
4600,4600,emotion
4601,4601,no_treatment
4602,4602,no_treatment
4603,4603,no_treatment
4604,4604,reason
4605,4605,emotion
4606,4606,no_treatment
4607,4607,reason
4608,4608,no_treatment
4609,4609,emotion
4610,4610,no_treatment
4611,4611,emotion
4612,4612,no_treatment
4613,4613,emotion
4614,4614,emotion
4615,4615,emotion
4616,4616,no_treatment
4617,4617,no_treatment
4618,4618,reason
4619,4619,no_treatment
4620,4620,reason
4621,4621,emotion
4622,4622,reason
4623,4623,no_treatment
4624,4624,reason
4625,4625,reason
4626,4626,no_treatment
4627,4627,no_treatment
4628,4628,reason
4629,4629,no_treatment
4630,4630,no_treatment
4631,4631,reason
4632,4632,no_treatment
4633,4633,emotion
4634,4634,no_treatment
4635,4635,emotion
4636,4636,no_treatment
4637,4637,reason
4638,4638,no_treatment
4639,4639,reason
4640,4640,emotion
4641,4641,reason
4642,4642,no_treatment
4643,4643,reason
4644,4644,emotion
4645,4645,emotion
4646,4646,no_treatment
4647,4647,emotion
4648,4648,no_treatment
4649,4649,reason
4650,4650,reason
4651,4651,emotion
4652,4652,no_treatment
4653,4653,reason
4654,4654,reason
4655,4655,reason
4656,4656,emotion
4657,4657,emotion
4658,4658,no_treatment
4659,4659,reason
4660,4660,reason
4661,4661,reason
4662,4662,emotion
4663,4663,no_treatment
4664,4664,reason
4665,4665,no_treatment
4666,4666,emotion
4667,4667,no_treatment
4668,4668,emotion
4669,4669,reason
4670,4670,no_treatment
4671,4671,no_treatment
4672,4672,emotion
4673,4673,emotion
4674,4674,reason
4675,4675,no_treatment
4676,4676,reason
4677,4677,no_treatment
4678,4678,reason
4679,4679,reason
4680,4680,reason
4681,4681,reason
4682,4682,emotion
4683,4683,reason
4684,4684,no_treatment
4685,4685,reason
4686,4686,no_treatment
4687,4687,emotion
4688,4688,no_treatment
4689,4689,no_treatment
4690,4690,no_treatment
4691,4691,no_treatment
4692,4692,emotion
4693,4693,no_treatment
4694,4694,no_treatment
4695,4695,reason
4696,4696,emotion
4697,4697,reason
4698,4698,emotion
4699,4699,emotion
4700,4700,emotion
4701,4701,emotion
4702,4702,no_treatment
4703,4703,emotion
4704,4704,no_treatment
4705,4705,reason
4706,4706,emotion
4707,4707,emotion
4708,4708,reason
4709,4709,emotion
4710,4710,emotion
4711,4711,emotion
4712,4712,emotion
4713,4713,emotion
4714,4714,reason
4715,4715,emotion
4716,4716,reason
4717,4717,reason
4718,4718,reason
4719,4719,reason
4720,4720,reason
4721,4721,reason
4722,4722,reason
4723,4723,emotion
4724,4724,reason
4725,4725,emotion
4726,4726,no_treatment
4727,4727,no_treatment
4728,4728,reason
4729,4729,no_treatment
4730,4730,reason
4731,4731,reason
4732,4732,no_treatment
4733,4733,no_treatment
4734,4734,emotion
4735,4735,emotion
4736,4736,no_treatment
4737,4737,reason
4738,4738,reason
4739,4739,emotion
4740,4740,no_treatment
4741,4741,reason
4742,4742,no_treatment
4743,4743,reason
4744,4744,emotion
4745,4745,emotion
4746,4746,no_treatment
4747,4747,reason
4748,4748,emotion
4749,4749,emotion
4750,4750,reason
4751,4751,reason
4752,4752,emotion
4753,4753,emotion
4754,4754,reason
4755,4755,emotion
4756,4756,no_treatment
4757,4757,reason
4758,4758,emotion
4759,4759,reason
4760,4760,reason
4761,4761,reason
4762,4762,emotion
4763,4763,no_treatment
4764,4764,reason
4765,4765,emotion
4766,4766,emotion
4767,4767,reason
4768,4768,emotion
4769,4769,no_treatment
4770,4770,no_treatment
4771,4771,no_treatment
4772,4772,emotion
4773,4773,no_treatment
4774,4774,reason
4775,4775,no_treatment
4776,4776,no_treatment
4777,4777,reason
4778,4778,emotion
4779,4779,emotion
4780,4780,no_treatment
4781,4781,reason
4782,4782,no_treatment
4783,4783,emotion
4784,4784,reason
4785,4785,reason
4786,4786,no_treatment
4787,4787,reason
4788,4788,reason
4789,4789,emotion
4790,4790,emotion
4791,4791,no_treatment
4792,4792,emotion
4793,4793,no_treatment
4794,4794,no_treatment
4795,4795,reason
4796,4796,no_treatment
4797,4797,no_treatment
4798,4798,no_treatment
4799,4799,no_treatment
4800,4800,reason
4801,4801,emotion
4802,4802,emotion
4803,4803,no_treatment
4804,4804,no_treatment
4805,4805,reason
4806,4806,reason
4807,4807,reason
4808,4808,no_treatment
4809,4809,reason
4810,4810,emotion
4811,4811,reason
4812,4812,emotion
4813,4813,reason
4814,4814,no_treatment
4815,4815,emotion
4816,4816,no_treatment
4817,4817,emotion
4818,4818,reason
4819,4819,reason
4820,4820,no_treatment
4821,4821,no_treatment
4822,4822,reason
4823,4823,no_treatment
4824,4824,emotion
4825,4825,reason
4826,4826,reason
4827,4827,no_treatment
4828,4828,reason
4829,4829,reason
4830,4830,reason
4831,4831,reason
4832,4832,emotion
4833,4833,reason
4834,4834,reason
4835,4835,no_treatment
4836,4836,reason
4837,4837,emotion
4838,4838,emotion
4839,4839,emotion
4840,4840,no_treatment
4841,4841,reason
4842,4842,no_treatment
4843,4843,no_treatment
4844,4844,no_treatment
4845,4845,reason
4846,4846,reason
4847,4847,emotion
4848,4848,no_treatment
4849,4849,emotion
4850,4850,reason
4851,4851,reason
4852,4852,no_treatment
4853,4853,no_treatment
4854,4854,reason
4855,4855,reason
4856,4856,emotion
4857,4857,emotion
4858,4858,no_treatment
4859,4859,no_treatment
4860,4860,emotion
4861,4861,reason
4862,4862,no_treatment
4863,4863,no_treatment
4864,4864,no_treatment
4865,4865,no_treatment
4866,4866,reason
4867,4867,no_treatment
4868,4868,no_treatment
4869,4869,no_treatment
4870,4870,reason
4871,4871,no_treatment
4872,4872,emotion
4873,4873,reason
4874,4874,reason
4875,4875,emotion
4876,4876,emotion
4877,4877,reason
4878,4878,no_treatment
4879,4879,no_treatment
4880,4880,no_treatment
4881,4881,reason
4882,4882,no_treatment
4883,4883,reason
4884,4884,reason
4885,4885,emotion
4886,4886,no_treatment
4887,4887,emotion
4888,4888,reason
4889,4889,emotion
4890,4890,emotion
4891,4891,no_treatment
4892,4892,no_treatment
4893,4893,reason
4894,4894,reason
4895,4895,reason
4896,4896,no_treatment
4897,4897,reason
4898,4898,reason
4899,4899,emotion
4900,4900,reason
4901,4901,reason
4902,4902,emotion
4903,4903,reason
4904,4904,emotion
4905,4905,no_treatment
4906,4906,reason
4907,4907,emotion
4908,4908,no_treatment
4909,4909,no_treatment
4910,4910,emotion
4911,4911,no_treatment
4912,4912,reason
4913,4913,no_treatment
4914,4914,no_treatment
4915,4915,emotion
4916,4916,emotion
4917,4917,reason
4918,4918,emotion
4919,4919,emotion
4920,4920,emotion
4921,4921,reason
4922,4922,emotion
4923,4923,emotion
4924,4924,reason
4925,4925,reason
4926,4926,reason
4927,4927,no_treatment
4928,4928,emotion
4929,4929,no_treatment
4930,4930,reason
4931,4931,no_treatment
4932,4932,no_treatment
4933,4933,emotion
4934,4934,reason
4935,4935,reason
4936,4936,no_treatment
4937,4937,reason
4938,4938,reason
4939,4939,reason
4940,4940,no_treatment
4941,4941,reason
4942,4942,reason
4943,4943,emotion
4944,4944,emotion
4945,4945,emotion
4946,4946,emotion
4947,4947,no_treatment
4948,4948,no_treatment
4949,4949,no_treatment
4950,4950,reason
4951,4951,no_treatment
4952,4952,reason
4953,4953,reason
4954,4954,no_treatment
4955,4955,no_treatment
4956,4956,emotion
4957,4957,no_treatment
4958,4958,no_treatment
4959,4959,emotion
4960,4960,emotion
4961,4961,no_treatment
4962,4962,reason
4963,4963,reason
4964,4964,no_treatment
4965,4965,emotion
4966,4966,reason
4967,4967,reason
4968,4968,emotion
4969,4969,no_treatment
4970,4970,no_treatment
4971,4971,emotion
4972,4972,no_treatment
4973,4973,no_treatment
4974,4974,emotion
4975,4975,no_treatment
4976,4976,emotion
4977,4977,reason
4978,4978,reason
4979,4979,emotion
4980,4980,emotion
4981,4981,emotion
4982,4982,no_treatment
4983,4983,reason
4984,4984,reason
4985,4985,emotion
4986,4986,reason
4987,4987,emotion
4988,4988,emotion
4989,4989,emotion
4990,4990,reason
4991,4991,emotion
4992,4992,no_treatment
4993,4993,no_treatment
4994,4994,no_treatment
4995,4995,emotion
4996,4996,reason
4997,4997,no_treatment
4998,4998,no_treatment
4999,4999,reason
